Date,Open,High,Low,Close,Shares Traded,Turnover (Rs. Cr),index
2009-01-01,,,,1000.0,,,NSE/CNX_SHARIAH25
2009-01-02,,,,997.75,,,NSE/CNX_SHARIAH25
2009-01-05,,,,1021.95,,,NSE/CNX_SHARIAH25
2009-01-06,,,,1019.45,,,NSE/CNX_SHARIAH25
2009-01-07,,,,953.1,,,NSE/CNX_SHARIAH25
2009-01-09,,,,937.0,,,NSE/CNX_SHARIAH25
2009-01-12,,,,906.55,,,NSE/CNX_SHARIAH25
2009-01-13,,,,904.65,,,NSE/CNX_SHARIAH25
2009-01-14,,,,934.55,,,NSE/CNX_SHARIAH25
2009-01-15,,,,908.75,,,NSE/CNX_SHARIAH25
2009-01-16,,,,937.05,,,NSE/CNX_SHARIAH25
2009-01-19,,,,942.25,,,NSE/CNX_SHARIAH25
2009-01-20,,,,923.45,,,NSE/CNX_SHARIAH25
2009-01-21,,,,895.65,,,NSE/CNX_SHARIAH25
2009-01-22,,,,896.55,,,NSE/CNX_SHARIAH25
2009-01-23,,,,883.9,,,NSE/CNX_SHARIAH25
2009-01-27,,,,915.75,,,NSE/CNX_SHARIAH25
2009-01-28,,,,937.5,,,NSE/CNX_SHARIAH25
2009-01-29,,,,930.2,,,NSE/CNX_SHARIAH25
2009-01-30,,,,946.35,,,NSE/CNX_SHARIAH25
2009-02-02,,,,920.35,,,NSE/CNX_SHARIAH25
2009-02-03,,,,929.1,,,NSE/CNX_SHARIAH25
2009-02-04,,,,935.1,,,NSE/CNX_SHARIAH25
2009-02-05,,,,921.8,,,NSE/CNX_SHARIAH25
2009-02-06,,,,941.5,,,NSE/CNX_SHARIAH25
2009-02-09,,,,967.3,,,NSE/CNX_SHARIAH25
2009-02-10,,,,975.65,,,NSE/CNX_SHARIAH25
2009-02-11,,,,970.75,,,NSE/CNX_SHARIAH25
2009-02-12,,,,956.45,,,NSE/CNX_SHARIAH25
2009-02-13,,,,970.9,,,NSE/CNX_SHARIAH25
2009-02-16,,,,939.9,,,NSE/CNX_SHARIAH25
2009-02-17,,,,917.65,,,NSE/CNX_SHARIAH25
2009-02-18,,,,921.1,,,NSE/CNX_SHARIAH25
2009-02-19,,,,925.4,,,NSE/CNX_SHARIAH25
2009-02-20,,,,908.15,,,NSE/CNX_SHARIAH25
2009-02-24,,,,909.35,,,NSE/CNX_SHARIAH25
2009-02-25,,,,918.75,,,NSE/CNX_SHARIAH25
2009-02-26,,,,931.15,,,NSE/CNX_SHARIAH25
2009-02-27,,,,919.45,,,NSE/CNX_SHARIAH25
2009-03-02,,,,891.85,,,NSE/CNX_SHARIAH25
2009-03-03,,,,875.6,,,NSE/CNX_SHARIAH25
2009-03-04,,,,884.95,,,NSE/CNX_SHARIAH25
2009-03-05,,,,864.4,,,NSE/CNX_SHARIAH25
2009-03-06,,,,878.25,,,NSE/CNX_SHARIAH25
2009-03-09,,,,862.55,,,NSE/CNX_SHARIAH25
2009-03-12,,,,877.65,,,NSE/CNX_SHARIAH25
2009-03-13,,,,911.25,,,NSE/CNX_SHARIAH25
2009-03-16,,,,927.7,,,NSE/CNX_SHARIAH25
2009-03-17,,,,921.45,,,NSE/CNX_SHARIAH25
2009-03-18,,,,933.6,,,NSE/CNX_SHARIAH25
2009-03-19,,,,932.45,,,NSE/CNX_SHARIAH25
2009-03-20,,,,929.45,,,NSE/CNX_SHARIAH25
2009-03-23,,,,967.2,,,NSE/CNX_SHARIAH25
2009-03-24,,,,966.65,,,NSE/CNX_SHARIAH25
2009-03-25,,,,980.45,,,NSE/CNX_SHARIAH25
2009-03-26,,,,1017.6,,,NSE/CNX_SHARIAH25
2009-03-27,,,,1024.55,,,NSE/CNX_SHARIAH25
2009-03-30,,,,989.6,,,NSE/CNX_SHARIAH25
2009-03-31,,,,1007.5,,,NSE/CNX_SHARIAH25
2009-04-01,,,,1016.2,,,NSE/CNX_SHARIAH25
2009-04-02,,,,1061.05,,,NSE/CNX_SHARIAH25
2009-04-06,,,,1082.75,,,NSE/CNX_SHARIAH25
2009-04-08,,,,1108.55,,,NSE/CNX_SHARIAH25
2009-04-09,,,,1108.7,,,NSE/CNX_SHARIAH25
2009-04-13,,,,1115.0,,,NSE/CNX_SHARIAH25
2009-04-15,,,,1145.35,,,NSE/CNX_SHARIAH25
2009-04-16,,,,1111.0,,,NSE/CNX_SHARIAH25
2009-04-17,,,,1123.75,,,NSE/CNX_SHARIAH25
2009-04-20,,,,1128.3,,,NSE/CNX_SHARIAH25
2009-04-21,,,,1122.25,,,NSE/CNX_SHARIAH25
2009-04-22,,,,1108.05,,,NSE/CNX_SHARIAH25
2009-04-23,,,,1142.25,,,NSE/CNX_SHARIAH25
2009-04-24,,,,1162.1,,,NSE/CNX_SHARIAH25
2009-04-27,,,,1162.8,,,NSE/CNX_SHARIAH25
2009-04-28,,,,1133.4,,,NSE/CNX_SHARIAH25
2009-04-29,,,,1172.35,,,NSE/CNX_SHARIAH25
2009-05-04,,,,1224.55,,,NSE/CNX_SHARIAH25
2009-05-05,,,,1224.35,,,NSE/CNX_SHARIAH25
2009-05-06,,,,1216.65,,,NSE/CNX_SHARIAH25
2009-05-07,,,,1233.8,,,NSE/CNX_SHARIAH25
2009-05-08,,,,1215.25,,,NSE/CNX_SHARIAH25
2009-05-11,,,,1195.4,,,NSE/CNX_SHARIAH25
2009-05-12,,,,1234.05,,,NSE/CNX_SHARIAH25
2009-05-13,,,,1220.75,,,NSE/CNX_SHARIAH25
2009-05-14,,,,1205.5,,,NSE/CNX_SHARIAH25
2009-05-15,,,,1232.45,,,NSE/CNX_SHARIAH25
2009-05-18,,,,1449.25,,,NSE/CNX_SHARIAH25
2009-05-19,,,,1421.75,,,NSE/CNX_SHARIAH25
2009-05-20,,,,1410.85,,,NSE/CNX_SHARIAH25
2009-05-21,,,,1381.65,,,NSE/CNX_SHARIAH25
2009-05-22,,,,1394.2,,,NSE/CNX_SHARIAH25
2009-05-25,,,,1388.3,,,NSE/CNX_SHARIAH25
2009-05-26,,,,1363.0,,,NSE/CNX_SHARIAH25
2009-05-27,,,,1410.8,,,NSE/CNX_SHARIAH25
2009-05-28,,,,1430.0,,,NSE/CNX_SHARIAH25
2009-05-29,,,,1461.5,,,NSE/CNX_SHARIAH25
2009-06-01,,,,1483.2,,,NSE/CNX_SHARIAH25
2009-06-02,,,,1481.4,,,NSE/CNX_SHARIAH25
2009-06-03,,,,1483.45,,,NSE/CNX_SHARIAH25
2009-06-04,,,,1502.6,,,NSE/CNX_SHARIAH25
2009-06-05,,,,1528.35,,,NSE/CNX_SHARIAH25
2009-06-08,,,,1497.6,,,NSE/CNX_SHARIAH25
2009-06-09,,,,1533.6,,,NSE/CNX_SHARIAH25
2009-06-10,,,,1573.55,,,NSE/CNX_SHARIAH25
2009-06-11,,,,1561.55,,,NSE/CNX_SHARIAH25
2009-06-12,,,,1547.4,,,NSE/CNX_SHARIAH25
2009-06-15,,,,1514.95,,,NSE/CNX_SHARIAH25
2009-06-16,,,,1523.9,,,NSE/CNX_SHARIAH25
2009-06-17,,,,1479.2,,,NSE/CNX_SHARIAH25
2009-06-18,,,,1448.4,,,NSE/CNX_SHARIAH25
2009-06-19,,,,1479.4,,,NSE/CNX_SHARIAH25
2009-06-22,,,,1456.8,,,NSE/CNX_SHARIAH25
2009-06-23,,,,1460.2,,,NSE/CNX_SHARIAH25
2009-06-24,,,,1482.4,,,NSE/CNX_SHARIAH25
2009-06-25,,,,1466.75,,,NSE/CNX_SHARIAH25
2009-06-26,,,,1508.8,,,NSE/CNX_SHARIAH25
2009-06-29,,,,1517.65,,,NSE/CNX_SHARIAH25
2009-06-30,,,,1489.9,,,NSE/CNX_SHARIAH25
2009-07-01,,,,1503.9,,,NSE/CNX_SHARIAH25
2009-07-02,,,,1509.6,,,NSE/CNX_SHARIAH25
2009-07-03,,,,1529.5,,,NSE/CNX_SHARIAH25
2009-07-06,,,,1456.85,,,NSE/CNX_SHARIAH25
2009-07-07,,,,1471.25,,,NSE/CNX_SHARIAH25
2009-07-08,,,,1435.1,,,NSE/CNX_SHARIAH25
2009-07-09,,,,1437.45,,,NSE/CNX_SHARIAH25
2009-07-10,,,,1420.6,,,NSE/CNX_SHARIAH25
2009-07-13,,,,1406.0,,,NSE/CNX_SHARIAH25
2009-07-14,,,,1447.4,,,NSE/CNX_SHARIAH25
2009-07-15,,,,1486.35,,,NSE/CNX_SHARIAH25
2009-07-16,,,,1484.95,,,NSE/CNX_SHARIAH25
2009-07-17,,,,1523.15,,,NSE/CNX_SHARIAH25
2009-07-20,,,,1571.75,,,NSE/CNX_SHARIAH25
2009-07-21,,,,1560.8,,,NSE/CNX_SHARIAH25
2009-07-22,,,,1541.95,,,NSE/CNX_SHARIAH25
2009-07-23,,,,1579.8,,,NSE/CNX_SHARIAH25
2009-07-24,,,,1605.25,,,NSE/CNX_SHARIAH25
2009-07-27,,,,1609.25,,,NSE/CNX_SHARIAH25
2009-07-28,,,,1600.2,,,NSE/CNX_SHARIAH25
2009-07-29,,,,1583.4,,,NSE/CNX_SHARIAH25
2009-07-30,,,,1598.35,,,NSE/CNX_SHARIAH25
2009-07-31,,,,1613.45,,,NSE/CNX_SHARIAH25
2009-08-03,,,,1634.55,,,NSE/CNX_SHARIAH25
2009-08-04,,,,1624.95,,,NSE/CNX_SHARIAH25
2009-08-05,,,,1635.7,,,NSE/CNX_SHARIAH25
2009-08-06,,,,1598.4,,,NSE/CNX_SHARIAH25
2009-08-07,,,,1565.65,,,NSE/CNX_SHARIAH25
2009-08-10,,,,1554.6,,,NSE/CNX_SHARIAH25
2009-08-11,,,,1567.05,,,NSE/CNX_SHARIAH25
2009-08-12,,,,1564.9,,,NSE/CNX_SHARIAH25
2009-08-13,,,,1607.4,,,NSE/CNX_SHARIAH25
2009-08-14,,,,1600.75,,,NSE/CNX_SHARIAH25
2009-08-17,,,,1541.2,,,NSE/CNX_SHARIAH25
2009-08-18,,,,1564.35,,,NSE/CNX_SHARIAH25
2009-08-19,,,,1540.35,,,NSE/CNX_SHARIAH25
2009-08-20,,,,1557.8,,,NSE/CNX_SHARIAH25
2009-08-21,,,,1583.3,,,NSE/CNX_SHARIAH25
2009-08-24,,,,1617.85,,,NSE/CNX_SHARIAH25
2009-08-25,,,,1625.05,,,NSE/CNX_SHARIAH25
2009-08-26,,,,1633.45,,,NSE/CNX_SHARIAH25
2009-08-27,,,,1645.5,,,NSE/CNX_SHARIAH25
2009-08-28,,,,1660.9,,,NSE/CNX_SHARIAH25
2009-08-31,,,,1634.0,,,NSE/CNX_SHARIAH25
2009-09-01,,,,1625.15,,,NSE/CNX_SHARIAH25
2009-09-02,,,,1617.9,,,NSE/CNX_SHARIAH25
2009-09-03,,,,1610.85,,,NSE/CNX_SHARIAH25
2009-09-04,,,,1639.95,,,NSE/CNX_SHARIAH25
2009-09-07,,,,1670.5,,,NSE/CNX_SHARIAH25
2009-09-08,,,,1678.4,,,NSE/CNX_SHARIAH25
2009-09-09,,,,1673.15,,,NSE/CNX_SHARIAH25
2009-09-10,,,,1676.0,,,NSE/CNX_SHARIAH25
2009-09-11,,,,1674.1,,,NSE/CNX_SHARIAH25
2009-09-14,,,,1666.85,,,NSE/CNX_SHARIAH25
2009-09-15,,,,1689.15,,,NSE/CNX_SHARIAH25
2009-09-16,,,,1706.2,,,NSE/CNX_SHARIAH25
2009-09-17,,,,1714.15,,,NSE/CNX_SHARIAH25
2009-09-18,,,,1726.5,,,NSE/CNX_SHARIAH25
2009-09-22,,,,1731.45,,,NSE/CNX_SHARIAH25
2009-09-23,,,,1712.35,,,NSE/CNX_SHARIAH25
2009-09-24,,,,1709.65,,,NSE/CNX_SHARIAH25
2009-09-25,,,,1706.45,,,NSE/CNX_SHARIAH25
2009-09-29,,,,1727.7,,,NSE/CNX_SHARIAH25
2009-09-30,,,,1745.1,,,NSE/CNX_SHARIAH25
2009-10-01,,,,1747.65,,,NSE/CNX_SHARIAH25
2009-10-05,,,,1716.3,,,NSE/CNX_SHARIAH25
2009-10-06,,,,1713.7,,,NSE/CNX_SHARIAH25
2009-10-07,,,,1703.7,,,NSE/CNX_SHARIAH25
2009-10-08,,,,1699.55,,,NSE/CNX_SHARIAH25
2009-10-09,,,,1686.2,,,NSE/CNX_SHARIAH25
2009-10-12,,,,1716.3,,,NSE/CNX_SHARIAH25
2009-10-14,,,,1739.05,,,NSE/CNX_SHARIAH25
2009-10-15,,,,1732.15,,,NSE/CNX_SHARIAH25
2009-10-16,,,,1727.25,,,NSE/CNX_SHARIAH25
2009-10-17,,,,1732.9,,,NSE/CNX_SHARIAH25
2009-10-20,,,,1720.75,,,NSE/CNX_SHARIAH25
2009-10-21,,,,1714.1,,,NSE/CNX_SHARIAH25
2009-10-22,,,,1694.05,,,NSE/CNX_SHARIAH25
2009-10-23,,,,1689.85,,,NSE/CNX_SHARIAH25
2009-10-26,,,,1686.6,,,NSE/CNX_SHARIAH25
2009-10-27,,,,1660.75,,,NSE/CNX_SHARIAH25
2009-10-28,,,,1664.6,,,NSE/CNX_SHARIAH25
2009-10-29,,,,1642.8,,,NSE/CNX_SHARIAH25
2009-10-30,,,,1625.3,,,NSE/CNX_SHARIAH25
2009-11-03,,,,1580.95,,,NSE/CNX_SHARIAH25
2009-11-04,,,,1622.05,,,NSE/CNX_SHARIAH25
2009-11-05,,,,1642.6,,,NSE/CNX_SHARIAH25
2009-11-06,,,,1646.65,,,NSE/CNX_SHARIAH25
2009-11-09,,,,1661.0,,,NSE/CNX_SHARIAH25
2009-11-10,,,,1647.45,,,NSE/CNX_SHARIAH25
2009-11-11,,,,1691.7,,,NSE/CNX_SHARIAH25
2009-11-12,,,,1687.65,,,NSE/CNX_SHARIAH25
2009-11-13,,,,1708.1,,,NSE/CNX_SHARIAH25
2009-11-16,,,,1728.3,,,NSE/CNX_SHARIAH25
2009-11-17,,,,1731.8,,,NSE/CNX_SHARIAH25
2009-11-18,,,,1729.8,,,NSE/CNX_SHARIAH25
2009-11-19,,,,1712.35,,,NSE/CNX_SHARIAH25
2009-11-20,,,,1728.8,,,NSE/CNX_SHARIAH25
2009-11-23,,,,1740.2,,,NSE/CNX_SHARIAH25
2009-11-24,,,,1741.45,,,NSE/CNX_SHARIAH25
2009-11-25,,,,1748.3,,,NSE/CNX_SHARIAH25
2009-11-26,,,,1725.45,,,NSE/CNX_SHARIAH25
2009-11-27,,,,1705.7,,,NSE/CNX_SHARIAH25
2009-11-30,,,,1736.1,,,NSE/CNX_SHARIAH25
2009-12-01,,,,1756.4,,,NSE/CNX_SHARIAH25
2009-12-02,,,,1752.25,,,NSE/CNX_SHARIAH25
2009-12-03,,,,1759.6,,,NSE/CNX_SHARIAH25
2009-12-04,,,,1756.25,,,NSE/CNX_SHARIAH25
2009-12-07,,,,1745.65,,,NSE/CNX_SHARIAH25
2009-12-08,,,,1769.85,,,NSE/CNX_SHARIAH25
2009-12-09,,,,1767.8,,,NSE/CNX_SHARIAH25
2009-12-10,,,,1777.7,,,NSE/CNX_SHARIAH25
2009-12-11,,,,1779.35,,,NSE/CNX_SHARIAH25
2009-12-14,,,,1783.35,,,NSE/CNX_SHARIAH25
2009-12-15,,,,1767.45,,,NSE/CNX_SHARIAH25
2009-12-16,,,,1776.1,,,NSE/CNX_SHARIAH25
2009-12-17,,,,1779.85,,,NSE/CNX_SHARIAH25
2009-12-18,,,,1763.1,,,NSE/CNX_SHARIAH25
2009-12-21,,,,1748.95,,,NSE/CNX_SHARIAH25
2009-12-22,,,,1757.7,,,NSE/CNX_SHARIAH25
2009-12-23,,,,1808.55,,,NSE/CNX_SHARIAH25
2009-12-24,,,,1815.6,,,NSE/CNX_SHARIAH25
2009-12-29,,,,1811.9,,,NSE/CNX_SHARIAH25
2009-12-30,,,,1805.6,,,NSE/CNX_SHARIAH25
2009-12-31,,,,1817.0,,,NSE/CNX_SHARIAH25
2010-01-04,,,,1823.9,,,NSE/CNX_SHARIAH25
2010-01-05,,,,1837.85,,,NSE/CNX_SHARIAH25
2010-01-06,,,,1834.75,,,NSE/CNX_SHARIAH25
2010-01-07,,,,1826.35,,,NSE/CNX_SHARIAH25
2010-01-08,,,,1820.65,,,NSE/CNX_SHARIAH25
2010-01-11,,,,1827.25,,,NSE/CNX_SHARIAH25
2010-01-12,,,,1823.15,,,NSE/CNX_SHARIAH25
2010-01-13,,,,1837.95,,,NSE/CNX_SHARIAH25
2010-01-14,,,,1850.7,,,NSE/CNX_SHARIAH25
2010-01-15,,,,1844.85,,,NSE/CNX_SHARIAH25
2010-01-18,,,,1847.5,,,NSE/CNX_SHARIAH25
2010-01-19,,,,1824.7,,,NSE/CNX_SHARIAH25
2010-01-20,,,,1827.25,,,NSE/CNX_SHARIAH25
2010-01-21,,,,1779.6,,,NSE/CNX_SHARIAH25
2010-01-22,,,,1760.4,,,NSE/CNX_SHARIAH25
2010-01-25,,,,1758.7,,,NSE/CNX_SHARIAH25
2010-01-27,,,,1712.6,,,NSE/CNX_SHARIAH25
2010-01-28,,,,1712.4,,,NSE/CNX_SHARIAH25
2010-01-29,,,,1703.35,,,NSE/CNX_SHARIAH25
2010-02-01,,,,1713.1,,,NSE/CNX_SHARIAH25
2010-02-02,,,,1691.35,,,NSE/CNX_SHARIAH25
2010-02-03,,,,1722.75,,,NSE/CNX_SHARIAH25
2010-02-04,,,,1699.45,,,NSE/CNX_SHARIAH25
2010-02-05,,,,1659.05,,,NSE/CNX_SHARIAH25
2010-02-06,,,,1671.6,,,NSE/CNX_SHARIAH25
2010-02-08,,,,1678.0,,,NSE/CNX_SHARIAH25
2010-02-09,,,,1692.6,,,NSE/CNX_SHARIAH25
2010-02-10,,,,1680.0,,,NSE/CNX_SHARIAH25
2010-02-11,,,,1701.45,,,NSE/CNX_SHARIAH25
2010-02-15,,,,1686.75,,,NSE/CNX_SHARIAH25
2010-02-16,,,,1704.15,,,NSE/CNX_SHARIAH25
2010-02-17,,,,1717.15,,,NSE/CNX_SHARIAH25
2010-02-18,,,,1707.95,,,NSE/CNX_SHARIAH25
2010-02-19,,,,1694.35,,,NSE/CNX_SHARIAH25
2010-02-22,,,,1699.1,,,NSE/CNX_SHARIAH25
2010-02-23,,,,1703.55,,,NSE/CNX_SHARIAH25
2010-02-24,,,,1702.1,,,NSE/CNX_SHARIAH25
2010-02-25,,,,1705.95,,,NSE/CNX_SHARIAH25
2010-02-26,,,,1726.2,,,NSE/CNX_SHARIAH25
2010-03-02,,,,1746.85,,,NSE/CNX_SHARIAH25
2010-03-03,,,,1767.6,,,NSE/CNX_SHARIAH25
2010-03-04,,,,1766.25,,,NSE/CNX_SHARIAH25
2010-03-05,,,,1774.05,,,NSE/CNX_SHARIAH25
2010-03-08,,,,1782.65,,,NSE/CNX_SHARIAH25
2010-03-09,,,,1774.4,,,NSE/CNX_SHARIAH25
2010-03-10,,,,1776.75,,,NSE/CNX_SHARIAH25
2010-03-11,,,,1783.9,,,NSE/CNX_SHARIAH25
2010-03-12,,,,1780.85,,,NSE/CNX_SHARIAH25
2010-03-15,,,,1782.65,,,NSE/CNX_SHARIAH25
2010-03-16,,,,1805.25,,,NSE/CNX_SHARIAH25
2010-03-17,,,,1817.25,,,NSE/CNX_SHARIAH25
2010-03-18,,,,1815.9,,,NSE/CNX_SHARIAH25
2010-03-19,,,,1824.25,,,NSE/CNX_SHARIAH25
2010-03-22,,,,1812.4,,,NSE/CNX_SHARIAH25
2010-03-23,,,,1818.75,,,NSE/CNX_SHARIAH25
2010-03-25,,,,1831.65,,,NSE/CNX_SHARIAH25
2010-03-26,,,,1831.15,,,NSE/CNX_SHARIAH25
2010-03-29,,,,1835.4,,,NSE/CNX_SHARIAH25
2010-03-30,,,,1820.8,,,NSE/CNX_SHARIAH25
2010-03-31,,,,1817.5,,,NSE/CNX_SHARIAH25
2010-04-01,,,,1825.5,,,NSE/CNX_SHARIAH25
2010-04-05,,,,1848.35,,,NSE/CNX_SHARIAH25
2010-04-06,,,,1844.75,,,NSE/CNX_SHARIAH25
2010-04-07,,,,1849.95,,,NSE/CNX_SHARIAH25
2010-04-08,,,,1830.55,,,NSE/CNX_SHARIAH25
2010-04-09,,,,1840.3,,,NSE/CNX_SHARIAH25
2010-04-12,,,,1831.2,,,NSE/CNX_SHARIAH25
2010-04-13,,,,1832.35,,,NSE/CNX_SHARIAH25
2010-04-15,,,,1823.65,,,NSE/CNX_SHARIAH25
2010-04-16,,,,1815.3,,,NSE/CNX_SHARIAH25
2010-04-19,,,,1792.15,,,NSE/CNX_SHARIAH25
2010-04-20,,,,1792.75,,,NSE/CNX_SHARIAH25
2010-04-21,,,,1793.15,,,NSE/CNX_SHARIAH25
2010-04-22,,,,1798.35,,,NSE/CNX_SHARIAH25
2010-04-23,,,,1800.05,,,NSE/CNX_SHARIAH25
2010-04-26,,,,1806.4,,,NSE/CNX_SHARIAH25
2010-04-27,,,,1805.65,,,NSE/CNX_SHARIAH25
2010-04-28,,,,1779.8,,,NSE/CNX_SHARIAH25
2010-04-29,,,,1782.3,,,NSE/CNX_SHARIAH25
2010-04-30,,,,1792.35,,,NSE/CNX_SHARIAH25
2010-05-03,,,,1772.75,,,NSE/CNX_SHARIAH25
2010-05-04,,,,1746.7,,,NSE/CNX_SHARIAH25
2010-05-05,,,,1741.25,,,NSE/CNX_SHARIAH25
2010-05-06,,,,1730.05,,,NSE/CNX_SHARIAH25
2010-05-07,,,,1711.5,,,NSE/CNX_SHARIAH25
2010-05-10,,,,1757.55,,,NSE/CNX_SHARIAH25
2010-05-11,,,,1733.15,,,NSE/CNX_SHARIAH25
2010-05-12,,,,1734.05,,,NSE/CNX_SHARIAH25
2010-05-13,,,,1738.8,,,NSE/CNX_SHARIAH25
2010-05-14,,,,1716.1,,,NSE/CNX_SHARIAH25
2010-05-17,,,,1716.2,,,NSE/CNX_SHARIAH25
2010-05-18,,,,1723.95,,,NSE/CNX_SHARIAH25
2010-05-19,,,,1688.85,,,NSE/CNX_SHARIAH25
2010-05-20,,,,1705.25,,,NSE/CNX_SHARIAH25
2010-05-21,,,,1692.05,,,NSE/CNX_SHARIAH25
2010-05-24,,,,1700.1,,,NSE/CNX_SHARIAH25
2010-05-25,,,,1658.8,,,NSE/CNX_SHARIAH25
2010-05-26,,,,1687.3,,,NSE/CNX_SHARIAH25
2010-05-27,,,,1711.4,,,NSE/CNX_SHARIAH25
2010-05-28,,,,1734.1,,,NSE/CNX_SHARIAH25
2010-05-31,,,,1740.6,,,NSE/CNX_SHARIAH25
2010-06-01,,,,1709.45,,,NSE/CNX_SHARIAH25
2010-06-02,,,,1731.65,,,NSE/CNX_SHARIAH25
2010-06-03,,,,1761.35,,,NSE/CNX_SHARIAH25
2010-06-04,,,,1764.8,,,NSE/CNX_SHARIAH25
2010-06-07,,,,1733.8,,,NSE/CNX_SHARIAH25
2010-06-08,,,,1718.05,,,NSE/CNX_SHARIAH25
2010-06-09,,,,1729.6,,,NSE/CNX_SHARIAH25
2010-06-10,,,,1758.55,,,NSE/CNX_SHARIAH25
2010-06-11,,,,1764.15,,,NSE/CNX_SHARIAH25
2010-06-14,,,,1785.85,,,NSE/CNX_SHARIAH25
2010-06-15,,,,1791.65,,,NSE/CNX_SHARIAH25
2010-06-16,,,,1790.55,,,NSE/CNX_SHARIAH25
2010-06-17,,,,1804.85,,,NSE/CNX_SHARIAH25
2010-06-18,,,,1807.75,,,NSE/CNX_SHARIAH25
2010-06-21,,,,1832.3,,,NSE/CNX_SHARIAH25
2010-06-22,,,,1817.45,,,NSE/CNX_SHARIAH25
2010-06-23,,,,1819.0,,,NSE/CNX_SHARIAH25
2010-06-24,,,,1819.5,,,NSE/CNX_SHARIAH25
2010-06-25,,,,1813.15,,,NSE/CNX_SHARIAH25
2010-06-28,,,,1833.6,,,NSE/CNX_SHARIAH25
2010-06-29,,,,1814.15,,,NSE/CNX_SHARIAH25
2010-06-30,,,,1825.05,,,NSE/CNX_SHARIAH25
2010-07-01,,,,1805.05,,,NSE/CNX_SHARIAH25
2010-07-02,,,,1800.2,,,NSE/CNX_SHARIAH25
2010-07-05,,,,1797.7,,,NSE/CNX_SHARIAH25
2010-07-06,,,,1815.35,,,NSE/CNX_SHARIAH25
2010-07-07,,,,1801.55,,,NSE/CNX_SHARIAH25
2010-07-08,,,,1820.4,,,NSE/CNX_SHARIAH25
2010-07-09,,,,1837.15,,,NSE/CNX_SHARIAH25
2010-07-12,,,,1841.1,,,NSE/CNX_SHARIAH25
2010-07-13,,,,1838.3,,,NSE/CNX_SHARIAH25
2010-07-14,,,,1831.1,,,NSE/CNX_SHARIAH25
2010-07-15,,,,1827.05,,,NSE/CNX_SHARIAH25
2010-07-16,,,,1835.1,,,NSE/CNX_SHARIAH25
2010-07-19,,,,1831.4,,,NSE/CNX_SHARIAH25
2010-07-20,,,,1830.1,,,NSE/CNX_SHARIAH25
2010-07-21,,,,1843.2,,,NSE/CNX_SHARIAH25
2010-07-22,,,,1854.0,,,NSE/CNX_SHARIAH25
2010-07-23,,,,1855.35,,,NSE/CNX_SHARIAH25
2010-07-26,,,,1845.15,,,NSE/CNX_SHARIAH25
2010-07-27,,,,1843.95,,,NSE/CNX_SHARIAH25
2010-07-28,,,,1833.4,,,NSE/CNX_SHARIAH25
2010-07-29,,,,1831.1,,,NSE/CNX_SHARIAH25
2010-07-30,,,,1807.05,,,NSE/CNX_SHARIAH25
2010-08-02,,,,1823.3,,,NSE/CNX_SHARIAH25
2010-08-03,,,,1824.0,,,NSE/CNX_SHARIAH25
2010-08-04,,,,1838.5,,,NSE/CNX_SHARIAH25
2010-08-05,,,,1830.85,,,NSE/CNX_SHARIAH25
2010-08-06,,,,1825.35,,,NSE/CNX_SHARIAH25
2010-08-09,,,,1840.1,,,NSE/CNX_SHARIAH25
2010-08-10,,,,1829.3,,,NSE/CNX_SHARIAH25
2010-08-11,,,,1820.95,,,NSE/CNX_SHARIAH25
2010-08-12,,,,1813.75,,,NSE/CNX_SHARIAH25
2010-08-13,,,,1818.85,,,NSE/CNX_SHARIAH25
2010-08-16,,,,1812.65,,,NSE/CNX_SHARIAH25
2010-08-17,,,,1802.7,,,NSE/CNX_SHARIAH25
2010-08-18,,,,1819.2,,,NSE/CNX_SHARIAH25
2010-08-19,,,,1830.3,,,NSE/CNX_SHARIAH25
2010-08-20,,,,1832.0,,,NSE/CNX_SHARIAH25
2010-08-23,,,,1842.8,,,NSE/CNX_SHARIAH25
2010-08-24,,,,1828.5,,,NSE/CNX_SHARIAH25
2010-08-25,,,,1817.9,,,NSE/CNX_SHARIAH25
2010-08-26,,,,1823.95,,,NSE/CNX_SHARIAH25
2010-08-27,,,,1806.85,,,NSE/CNX_SHARIAH25
2010-08-30,,,,1808.4,,,NSE/CNX_SHARIAH25
2010-08-31,,,,1802.8,,,NSE/CNX_SHARIAH25
2010-09-01,,,,1826.05,,,NSE/CNX_SHARIAH25
2010-09-02,,,,1821.05,,,NSE/CNX_SHARIAH25
2010-09-03,,,,1821.8,,,NSE/CNX_SHARIAH25
2010-09-06,,,,1848.0,,,NSE/CNX_SHARIAH25
2010-09-07,,,,1865.6,,,NSE/CNX_SHARIAH25
2010-09-08,,,,1872.3,,,NSE/CNX_SHARIAH25
2010-09-09,,,,1876.45,,,NSE/CNX_SHARIAH25
2010-09-13,,,,1898.95,,,NSE/CNX_SHARIAH25
2010-09-14,,,,1912.75,,,NSE/CNX_SHARIAH25
2010-09-15,,,,1934.55,,,NSE/CNX_SHARIAH25
2010-09-16,,,,1915.9,,,NSE/CNX_SHARIAH25
2010-09-17,,,,1939.7,,,NSE/CNX_SHARIAH25
2010-09-20,,,,1961.35,,,NSE/CNX_SHARIAH25
2010-09-21,,,,1979.65,,,NSE/CNX_SHARIAH25
2010-09-22,,,,1968.25,,,NSE/CNX_SHARIAH25
2010-09-23,,,,1960.8,,,NSE/CNX_SHARIAH25
2010-09-24,,,,1981.4,,,NSE/CNX_SHARIAH25
2010-09-27,,,,1990.5,,,NSE/CNX_SHARIAH25
2010-09-28,,,,1991.0,,,NSE/CNX_SHARIAH25
2010-09-29,,,,1974.4,,,NSE/CNX_SHARIAH25
2010-09-30,,,,1977.8,,,NSE/CNX_SHARIAH25
2010-10-01,,,,2017.45,,,NSE/CNX_SHARIAH25
2010-10-04,,,,2012.45,,,NSE/CNX_SHARIAH25
2010-10-05,,,,2010.0,,,NSE/CNX_SHARIAH25
2010-10-06,,,,2024.8,,,NSE/CNX_SHARIAH25
2010-10-07,,,,2006.9,,,NSE/CNX_SHARIAH25
2010-10-08,,,,2005.7,,,NSE/CNX_SHARIAH25
2010-10-11,,,,2010.75,,,NSE/CNX_SHARIAH25
2010-10-12,,,,1997.45,,,NSE/CNX_SHARIAH25
2010-10-13,,,,2042.25,,,NSE/CNX_SHARIAH25
2010-10-14,,,,2024.0,,,NSE/CNX_SHARIAH25
2010-10-15,,,,1985.3,,,NSE/CNX_SHARIAH25
2010-10-18,,,,1993.2,,,NSE/CNX_SHARIAH25
2010-10-19,,,,1981.25,,,NSE/CNX_SHARIAH25
2010-10-20,,,,1970.9,,,NSE/CNX_SHARIAH25
2010-10-21,,,,2010.6,,,NSE/CNX_SHARIAH25
2010-10-22,,,,2005.25,,,NSE/CNX_SHARIAH25
2010-10-25,,,,2019.9,,,NSE/CNX_SHARIAH25
2010-10-26,,,,2010.4,,,NSE/CNX_SHARIAH25
2010-10-27,,,,1984.6,,,NSE/CNX_SHARIAH25
2010-10-28,,,,1980.45,,,NSE/CNX_SHARIAH25
2010-10-29,,,,1981.95,,,NSE/CNX_SHARIAH25
2010-11-01,,,,2000.2,,,NSE/CNX_SHARIAH25
2010-11-02,,,,2002.8,,,NSE/CNX_SHARIAH25
2010-11-03,,,,2010.5,,,NSE/CNX_SHARIAH25
2010-11-04,,,,2038.35,,,NSE/CNX_SHARIAH25
2010-11-05,,,,2047.75,,,NSE/CNX_SHARIAH25
2010-11-08,,,,2041.4,,,NSE/CNX_SHARIAH25
2010-11-09,,,,2057.85,,,NSE/CNX_SHARIAH25
2010-11-10,,,,2048.75,,,NSE/CNX_SHARIAH25
2010-11-11,,,,2015.25,,,NSE/CNX_SHARIAH25
2010-11-12,,,,1983.2,,,NSE/CNX_SHARIAH25
2010-11-15,,,,1990.8,,,NSE/CNX_SHARIAH25
2010-11-16,,,,1951.75,,,NSE/CNX_SHARIAH25
2010-11-18,,,,1966.1,,,NSE/CNX_SHARIAH25
2010-11-19,,,,1937.15,,,NSE/CNX_SHARIAH25
2010-11-22,,,,1963.25,,,NSE/CNX_SHARIAH25
2010-11-23,,,,1945.85,,,NSE/CNX_SHARIAH25
2010-11-24,,,,1925.1,,,NSE/CNX_SHARIAH25
2010-11-25,,,,1904.6,,,NSE/CNX_SHARIAH25
2010-11-26,,,,1897.1,,,NSE/CNX_SHARIAH25
2010-11-29,,,,1925.05,,,NSE/CNX_SHARIAH25
2010-11-30,,,,1939.1,,,NSE/CNX_SHARIAH25
2010-12-01,,,,1958.5,,,NSE/CNX_SHARIAH25
2010-12-02,,,,1967.55,,,NSE/CNX_SHARIAH25
2010-12-03,,,,1969.55,,,NSE/CNX_SHARIAH25
2010-12-06,,,,1981.4,,,NSE/CNX_SHARIAH25
2010-12-07,,,,1992.65,,,NSE/CNX_SHARIAH25
2010-12-08,,,,1978.55,,,NSE/CNX_SHARIAH25
2010-12-09,,,,1942.2,,,NSE/CNX_SHARIAH25
2010-12-10,,,,1964.05,,,NSE/CNX_SHARIAH25
2010-12-13,,,,1980.15,,,NSE/CNX_SHARIAH25
2010-12-14,,,,1992.95,,,NSE/CNX_SHARIAH25
2010-12-15,,,,1986.75,,,NSE/CNX_SHARIAH25
2010-12-16,,,,2003.95,,,NSE/CNX_SHARIAH25
2010-12-20,,,,2013.25,,,NSE/CNX_SHARIAH25
2010-12-21,,,,2019.1,,,NSE/CNX_SHARIAH25
2010-12-22,,,,2015.8,,,NSE/CNX_SHARIAH25
2010-12-23,,,,2015.25,,,NSE/CNX_SHARIAH25
2010-12-24,,,,2027.85,,,NSE/CNX_SHARIAH25
2010-12-27,,,,2023.0,,,NSE/CNX_SHARIAH25
2010-12-28,,,,2021.15,,,NSE/CNX_SHARIAH25
2010-12-29,,,,2039.55,,,NSE/CNX_SHARIAH25
2010-12-30,,,,2055.85,,,NSE/CNX_SHARIAH25
2010-12-31,,,,2056.5,,,NSE/CNX_SHARIAH25
2011-01-03,,,,2059.0,,,NSE/CNX_SHARIAH25
2011-01-04,,,,2065.3,,,NSE/CNX_SHARIAH25
2011-01-05,,,,2049.5,,,NSE/CNX_SHARIAH25
2011-01-06,,,,2034.25,,,NSE/CNX_SHARIAH25
2011-01-07,,,,1989.05,,,NSE/CNX_SHARIAH25
2011-01-10,,,,1945.9,,,NSE/CNX_SHARIAH25
2011-01-11,,,,1936.5,,,NSE/CNX_SHARIAH25
2011-01-12,,,,1960.5,,,NSE/CNX_SHARIAH25
2011-01-13,,,,1935.85,,,NSE/CNX_SHARIAH25
2011-01-14,,,,1911.8,,,NSE/CNX_SHARIAH25
2011-01-17,,,,1906.3,,,NSE/CNX_SHARIAH25
2011-01-18,,,,1932.05,,,NSE/CNX_SHARIAH25
2011-01-19,,,,1917.4,,,NSE/CNX_SHARIAH25
2011-01-20,,,,1917.45,,,NSE/CNX_SHARIAH25
2011-01-21,,,,1906.6,,,NSE/CNX_SHARIAH25
2011-01-24,,,,1911.15,,,NSE/CNX_SHARIAH25
2011-01-25,,,,1901.85,,,NSE/CNX_SHARIAH25
2011-01-27,,,,1868.0,,,NSE/CNX_SHARIAH25
2011-01-28,,,,1839.45,,,NSE/CNX_SHARIAH25
2011-01-31,,,,1848.05,,,NSE/CNX_SHARIAH25
2011-02-01,,,,1819.6,,,NSE/CNX_SHARIAH25
2011-02-02,,,,1828.0,,,NSE/CNX_SHARIAH25
2011-02-03,,,,1858.6,,,NSE/CNX_SHARIAH25
2011-02-04,,,,1820.05,,,NSE/CNX_SHARIAH25
2011-02-07,,,,1818.5,,,NSE/CNX_SHARIAH25
2011-02-08,,,,1794.5,,,NSE/CNX_SHARIAH25
2011-02-09,,,,1773.2,,,NSE/CNX_SHARIAH25
2011-02-10,,,,1759.9,,,NSE/CNX_SHARIAH25
2011-02-11,,,,1775.35,,,NSE/CNX_SHARIAH25
2011-02-14,,,,1819.9,,,NSE/CNX_SHARIAH25
2011-02-15,,,,1820.05,,,NSE/CNX_SHARIAH25
2011-02-16,,,,1823.35,,,NSE/CNX_SHARIAH25
2011-02-17,,,,1838.15,,,NSE/CNX_SHARIAH25
2011-02-18,,,,1816.5,,,NSE/CNX_SHARIAH25
2011-02-21,,,,1840.95,,,NSE/CNX_SHARIAH25
2011-02-22,,,,1828.05,,,NSE/CNX_SHARIAH25
2011-02-23,,,,1821.15,,,NSE/CNX_SHARIAH25
2011-02-24,,,,1776.8,,,NSE/CNX_SHARIAH25
2011-02-25,,,,1779.55,,,NSE/CNX_SHARIAH25
2011-02-28,,,,1786.75,,,NSE/CNX_SHARIAH25
2011-03-01,,,,1841.8,,,NSE/CNX_SHARIAH25
2011-03-03,,,,1845.6,,,NSE/CNX_SHARIAH25
2011-03-04,,,,1837.4,,,NSE/CNX_SHARIAH25
2011-03-07,,,,1814.55,,,NSE/CNX_SHARIAH25
2011-03-08,,,,1831.4,,,NSE/CNX_SHARIAH25
2011-03-09,,,,1833.55,,,NSE/CNX_SHARIAH25
2011-03-10,,,,1825.75,,,NSE/CNX_SHARIAH25
2011-03-11,,,,1807.75,,,NSE/CNX_SHARIAH25
2011-03-14,,,,1831.5,,,NSE/CNX_SHARIAH25
2011-03-15,,,,1803.65,,,NSE/CNX_SHARIAH25
2011-03-16,,,,1820.2,,,NSE/CNX_SHARIAH25
2011-03-17,,,,1804.0,,,NSE/CNX_SHARIAH25
2011-03-18,,,,1782.95,,,NSE/CNX_SHARIAH25
2011-03-21,,,,1776.3,,,NSE/CNX_SHARIAH25
2011-03-22,,,,1793.4,,,NSE/CNX_SHARIAH25
2011-03-23,,,,1812.0,,,NSE/CNX_SHARIAH25
2011-03-24,,,,1822.7,,,NSE/CNX_SHARIAH25
2011-03-25,,,,1861.05,,,NSE/CNX_SHARIAH25
2011-03-28,,,,1870.75,,,NSE/CNX_SHARIAH25
2011-03-29,,,,1890.65,,,NSE/CNX_SHARIAH25
2011-03-30,,,,1907.45,,,NSE/CNX_SHARIAH25
2011-03-31,,,,1929.75,,,NSE/CNX_SHARIAH25
2011-04-01,,,,1925.7,,,NSE/CNX_SHARIAH25
2011-04-04,,,,1950.1,,,NSE/CNX_SHARIAH25
2011-04-05,,,,1956.0,,,NSE/CNX_SHARIAH25
2011-04-06,,,,1949.5,,,NSE/CNX_SHARIAH25
2011-04-07,,,,1940.55,,,NSE/CNX_SHARIAH25
2011-04-08,,,,1929.15,,,NSE/CNX_SHARIAH25
2011-04-11,,,,1910.3,,,NSE/CNX_SHARIAH25
2011-04-13,,,,1949.55,,,NSE/CNX_SHARIAH25
2011-04-15,,,,1920.75,,,NSE/CNX_SHARIAH25
2011-04-18,,,,1894.85,,,NSE/CNX_SHARIAH25
2011-04-19,,,,1898.95,,,NSE/CNX_SHARIAH25
2011-04-20,,,,1930.25,,,NSE/CNX_SHARIAH25
2011-04-21,,,,1932.8,,,NSE/CNX_SHARIAH25
2011-04-25,,,,1935.85,,,NSE/CNX_SHARIAH25
2011-04-26,,,,1933.55,,,NSE/CNX_SHARIAH25
2011-04-27,,,,1921.65,,,NSE/CNX_SHARIAH25
2011-04-28,,,,1906.15,,,NSE/CNX_SHARIAH25
2011-04-29,,,,1897.95,,,NSE/CNX_SHARIAH25
2011-05-02,,,,1886.55,,,NSE/CNX_SHARIAH25
2011-05-03,,,,1847.95,,,NSE/CNX_SHARIAH25
2011-05-04,,,,1838.65,,,NSE/CNX_SHARIAH25
2011-05-05,,,,1818.75,,,NSE/CNX_SHARIAH25
2011-05-06,,,,1839.0,,,NSE/CNX_SHARIAH25
2011-05-09,,,,1843.7,,,NSE/CNX_SHARIAH25
2011-05-10,,,,1845.4,,,NSE/CNX_SHARIAH25
2011-05-11,,,,1848.75,,,NSE/CNX_SHARIAH25
2011-05-12,,,,1829.9,,,NSE/CNX_SHARIAH25
2011-05-13,,,,1848.75,,,NSE/CNX_SHARIAH25
2011-05-16,,,,1841.25,,,NSE/CNX_SHARIAH25
2011-05-17,,,,1825.55,,,NSE/CNX_SHARIAH25
2011-05-18,,,,1819.9,,,NSE/CNX_SHARIAH25
2011-05-19,,,,1831.5,,,NSE/CNX_SHARIAH25
2011-05-20,,,,1851.4,,,NSE/CNX_SHARIAH25
2011-05-23,,,,1818.25,,,NSE/CNX_SHARIAH25
2011-05-24,,,,1824.05,,,NSE/CNX_SHARIAH25
2011-05-25,,,,1806.6,,,NSE/CNX_SHARIAH25
2011-05-26,,,,1834.05,,,NSE/CNX_SHARIAH25
2011-05-27,,,,1842.0,,,NSE/CNX_SHARIAH25
2011-05-30,,,,1842.3,,,NSE/CNX_SHARIAH25
2011-05-31,,,,1861.65,,,NSE/CNX_SHARIAH25
2011-06-01,,,,1882.0,,,NSE/CNX_SHARIAH25
2011-06-02,,,,1878.3,,,NSE/CNX_SHARIAH25
2011-06-03,,,,1870.7,,,NSE/CNX_SHARIAH25
2011-06-06,,,,1875.6,,,NSE/CNX_SHARIAH25
2011-06-07,,,,1881.65,,,NSE/CNX_SHARIAH25
2011-06-08,,,,1871.7,,,NSE/CNX_SHARIAH25
2011-06-09,,,,1870.7,,,NSE/CNX_SHARIAH25
2011-06-10,,,,1861.5,,,NSE/CNX_SHARIAH25
2011-06-13,,,,1863.65,,,NSE/CNX_SHARIAH25
2011-06-14,,,,1871.6,,,NSE/CNX_SHARIAH25
2011-06-15,,,,1854.35,,,NSE/CNX_SHARIAH25
2011-06-16,,,,1830.55,,,NSE/CNX_SHARIAH25
2011-06-17,,,,1818.45,,,NSE/CNX_SHARIAH25
2011-06-20,,,,1784.7,,,NSE/CNX_SHARIAH25
2011-06-21,,,,1795.05,,,NSE/CNX_SHARIAH25
2011-06-22,,,,1791.0,,,NSE/CNX_SHARIAH25
2011-06-23,,,,1802.95,,,NSE/CNX_SHARIAH25
2011-06-24,,,,1851.8,,,NSE/CNX_SHARIAH25
2011-06-27,,,,1870.25,,,NSE/CNX_SHARIAH25
2011-06-28,,,,1875.25,,,NSE/CNX_SHARIAH25
2011-06-29,,,,1887.75,,,NSE/CNX_SHARIAH25
2011-06-30,,,,1898.9,,,NSE/CNX_SHARIAH25
2011-07-01,,,,1890.4,,,NSE/CNX_SHARIAH25
2011-07-04,,,,1894.5,,,NSE/CNX_SHARIAH25
2011-07-05,,,,1883.8,,,NSE/CNX_SHARIAH25
2011-07-06,,,,1882.05,,,NSE/CNX_SHARIAH25
2011-07-07,,,,1915.85,,,NSE/CNX_SHARIAH25
2011-07-08,,,,1898.2,,,NSE/CNX_SHARIAH25
2011-07-11,,,,1883.65,,,NSE/CNX_SHARIAH25
2011-07-12,,,,1853.65,,,NSE/CNX_SHARIAH25
2011-07-13,,,,1872.9,,,NSE/CNX_SHARIAH25
2011-07-14,,,,1870.9,,,NSE/CNX_SHARIAH25
2011-07-15,,,,1868.6,,,NSE/CNX_SHARIAH25
2011-07-18,,,,1863.2,,,NSE/CNX_SHARIAH25
2011-07-19,,,,1878.65,,,NSE/CNX_SHARIAH25
2011-07-20,,,,1865.85,,,NSE/CNX_SHARIAH25
2011-07-21,,,,1860.65,,,NSE/CNX_SHARIAH25
2011-07-22,,,,1888.3,,,NSE/CNX_SHARIAH25
2011-07-25,,,,1907.15,,,NSE/CNX_SHARIAH25
2011-07-26,,,,1886.2,,,NSE/CNX_SHARIAH25
2011-07-27,,,,1881.1,,,NSE/CNX_SHARIAH25
2011-07-28,,,,1863.45,,,NSE/CNX_SHARIAH25
2011-07-29,,,,1844.0,,,NSE/CNX_SHARIAH25
2011-08-01,,,,1852.4,,,NSE/CNX_SHARIAH25
2011-08-02,,,,1845.15,,,NSE/CNX_SHARIAH25
2011-08-03,,,,1829.7,,,NSE/CNX_SHARIAH25
2011-08-04,,,,1808.5,,,NSE/CNX_SHARIAH25
2011-08-05,,,,1765.95,,,NSE/CNX_SHARIAH25
2011-08-08,,,,1740.55,,,NSE/CNX_SHARIAH25
2011-08-09,,,,1717.85,,,NSE/CNX_SHARIAH25
2011-08-10,,,,1740.1,,,NSE/CNX_SHARIAH25
2011-08-11,,,,1726.25,,,NSE/CNX_SHARIAH25
2011-08-12,,,,1710.1,,,NSE/CNX_SHARIAH25
2011-08-16,,,,1709.4,,,NSE/CNX_SHARIAH25
2011-08-17,,,,1720.85,,,NSE/CNX_SHARIAH25
2011-08-18,,,,1690.7,,,NSE/CNX_SHARIAH25
2011-08-19,,,,1657.05,,,NSE/CNX_SHARIAH25
2011-08-22,,,,1675.8,,,NSE/CNX_SHARIAH25
2011-08-23,,,,1698.65,,,NSE/CNX_SHARIAH25
2011-08-24,,,,1682.5,,,NSE/CNX_SHARIAH25
2011-08-25,,,,1674.25,,,NSE/CNX_SHARIAH25
2011-08-26,,,,1652.2,,,NSE/CNX_SHARIAH25
2011-08-29,,,,1699.45,,,NSE/CNX_SHARIAH25
2011-08-30,,,,1720.8,,,NSE/CNX_SHARIAH25
2011-09-02,,,,1730.75,,,NSE/CNX_SHARIAH25
2011-09-05,,,,1719.3,,,NSE/CNX_SHARIAH25
2011-09-06,,,,1734.15,,,NSE/CNX_SHARIAH25
2011-09-07,,,,1751.95,,,NSE/CNX_SHARIAH25
2011-09-08,,,,1759.2,,,NSE/CNX_SHARIAH25
2011-09-09,,,,1734.2,,,NSE/CNX_SHARIAH25
2011-09-12,,,,1704.0,,,NSE/CNX_SHARIAH25
2011-09-13,,,,1708.0,,,NSE/CNX_SHARIAH25
2011-09-14,,,,1738.55,,,NSE/CNX_SHARIAH25
2011-09-15,,,,1761.25,,,NSE/CNX_SHARIAH25
2011-09-16,,,,1759.75,,,NSE/CNX_SHARIAH25
2011-09-19,,,,1746.25,,,NSE/CNX_SHARIAH25
2011-09-20,,,,1779.45,,,NSE/CNX_SHARIAH25
2011-09-21,,,,1771.65,,,NSE/CNX_SHARIAH25
2011-09-22,,,,1704.55,,,NSE/CNX_SHARIAH25
2011-09-23,,,,1692.5,,,NSE/CNX_SHARIAH25
2011-09-26,,,,1678.65,,,NSE/CNX_SHARIAH25
2011-09-27,,,,1726.75,,,NSE/CNX_SHARIAH25
2011-09-28,,,,1723.4,,,NSE/CNX_SHARIAH25
2011-09-29,,,,1740.75,,,NSE/CNX_SHARIAH25
2011-09-30,,,,1721.45,,,NSE/CNX_SHARIAH25
2011-10-03,,,,1697.25,,,NSE/CNX_SHARIAH25
2011-10-04,,,,1676.05,,,NSE/CNX_SHARIAH25
2011-10-05,,,,1667.85,,,NSE/CNX_SHARIAH25
2011-10-07,,,,1699.5,,,NSE/CNX_SHARIAH25
2011-10-10,,,,1732.05,,,NSE/CNX_SHARIAH25
2011-10-11,,,,1726.45,,,NSE/CNX_SHARIAH25
2011-10-12,,,,1767.55,,,NSE/CNX_SHARIAH25
2011-10-13,,,,1757.0,,,NSE/CNX_SHARIAH25
2011-10-14,,,,1784.3,,,NSE/CNX_SHARIAH25
2011-10-17,,,,1772.45,,,NSE/CNX_SHARIAH25
2011-10-18,,,,1736.0,,,NSE/CNX_SHARIAH25
2011-10-19,,,,1771.65,,,NSE/CNX_SHARIAH25
2011-10-20,,,,1765.7,,,NSE/CNX_SHARIAH25
2011-10-21,,,,1753.45,,,NSE/CNX_SHARIAH25
2011-10-24,,,,1779.6,,,NSE/CNX_SHARIAH25
2011-10-25,,,,1814.75,,,NSE/CNX_SHARIAH25
2011-10-26,,,,1817.9,,,NSE/CNX_SHARIAH25
2011-10-28,,,,1860.75,,,NSE/CNX_SHARIAH25
2011-10-31,,,,1847.2,,,NSE/CNX_SHARIAH25
2011-11-01,,,,1837.75,,,NSE/CNX_SHARIAH25
2011-11-02,,,,1840.3,,,NSE/CNX_SHARIAH25
2011-11-03,,,,1841.75,,,NSE/CNX_SHARIAH25
2011-11-04,,,,1851.05,,,NSE/CNX_SHARIAH25
2011-11-08,,,,1851.05,,,NSE/CNX_SHARIAH25
2011-11-09,,,,1837.05,,,NSE/CNX_SHARIAH25
2011-11-11,,,,1836.2,,,NSE/CNX_SHARIAH25
2011-11-14,,,,1833.1,,,NSE/CNX_SHARIAH25
2011-11-15,,,,1805.6,,,NSE/CNX_SHARIAH25
2011-11-16,,,,1790.0,,,NSE/CNX_SHARIAH25
2011-11-17,,,,1756.55,,,NSE/CNX_SHARIAH25
2011-11-18,,,,1749.25,,,NSE/CNX_SHARIAH25
2011-11-21,,,,1707.2,,,NSE/CNX_SHARIAH25
2011-11-22,,,,1718.65,,,NSE/CNX_SHARIAH25
2011-11-23,,,,1690.05,,,NSE/CNX_SHARIAH25
2011-11-24,,,,1712.85,,,NSE/CNX_SHARIAH25
2011-11-25,,,,1686.45,,,NSE/CNX_SHARIAH25
2011-11-28,,,,1724.65,,,NSE/CNX_SHARIAH25
2011-11-29,,,,1716.15,,,NSE/CNX_SHARIAH25
2011-11-30,,,,1731.35,,,NSE/CNX_SHARIAH25
2011-12-01,,,,1751.35,,,NSE/CNX_SHARIAH25
2011-12-02,,,,1786.4,,,NSE/CNX_SHARIAH25
2011-12-05,,,,1786.3,,,NSE/CNX_SHARIAH25
2011-12-07,,,,1792.1,,,NSE/CNX_SHARIAH25
2011-12-08,,,,1765.75,,,NSE/CNX_SHARIAH25
2011-12-09,,,,1740.85,,,NSE/CNX_SHARIAH25
2011-12-12,,,,1716.25,,,NSE/CNX_SHARIAH25
2011-12-13,,,,1728.95,,,NSE/CNX_SHARIAH25
2011-12-14,,,,1717.75,,,NSE/CNX_SHARIAH25
2011-12-15,,,,1717.55,,,NSE/CNX_SHARIAH25
2011-12-16,,,,1691.9,,,NSE/CNX_SHARIAH25
2011-12-19,,,,1683.5,,,NSE/CNX_SHARIAH25
2011-12-20,,,,1660.65,,,NSE/CNX_SHARIAH25
2011-12-21,,,,1702.5,,,NSE/CNX_SHARIAH25
2011-12-22,,,,1711.4,,,NSE/CNX_SHARIAH25
2011-12-23,,,,1708.0,,,NSE/CNX_SHARIAH25
2011-12-26,,,,1732.65,,,NSE/CNX_SHARIAH25
2011-12-27,,,,1725.6,,,NSE/CNX_SHARIAH25
2011-12-28,,,,1713.45,,,NSE/CNX_SHARIAH25
2011-12-29,,,,1695.45,,,NSE/CNX_SHARIAH25
2011-12-30,,,,1689.5,,,NSE/CNX_SHARIAH25
2012-01-02,,,,1689.15,,,NSE/CNX_SHARIAH25
2012-01-03,,,,1724.5,,,NSE/CNX_SHARIAH25
2012-01-04,,,,1711.5,,,NSE/CNX_SHARIAH25
2012-01-05,,,,1704.35,,,NSE/CNX_SHARIAH25
2012-01-06,,,,1697.45,,,NSE/CNX_SHARIAH25
2012-01-07,,,,1698.9,,,NSE/CNX_SHARIAH25
2012-01-09,,,,1697.35,,,NSE/CNX_SHARIAH25
2012-01-10,,,,1720.4,,,NSE/CNX_SHARIAH25
2012-01-11,,,,1721.25,,,NSE/CNX_SHARIAH25
2012-01-12,,,,1698.75,,,NSE/CNX_SHARIAH25
2012-01-13,,,,1700.1,,,NSE/CNX_SHARIAH25
2012-01-16,,,,1700.05,,,NSE/CNX_SHARIAH25
2012-01-17,,,,1735.5,,,NSE/CNX_SHARIAH25
2012-01-18,,,,1729.8,,,NSE/CNX_SHARIAH25
2012-01-19,,,,1745.45,,,NSE/CNX_SHARIAH25
2012-01-20,,,,1756.95,,,NSE/CNX_SHARIAH25
2012-01-23,,,,1756.55,,,NSE/CNX_SHARIAH25
2012-01-24,,,,1766.35,,,NSE/CNX_SHARIAH25
2012-01-25,,,,1775.8,,,NSE/CNX_SHARIAH25
2012-01-27,,,,1793.25,,,NSE/CNX_SHARIAH25
2012-01-30,,,,1766.25,,,NSE/CNX_SHARIAH25
2012-01-31,,,,1789.7,,,NSE/CNX_SHARIAH25
2012-02-01,,,,1806.8,,,NSE/CNX_SHARIAH25
2012-02-02,,,,1822.9,,,NSE/CNX_SHARIAH25
2012-02-03,,,,1843.1,,,NSE/CNX_SHARIAH25
2012-02-06,,,,1854.85,,,NSE/CNX_SHARIAH25
2012-02-07,,,,1846.25,,,NSE/CNX_SHARIAH25
2012-02-08,,,,1866.75,,,NSE/CNX_SHARIAH25
2012-02-09,,,,1885.05,,,NSE/CNX_SHARIAH25
2012-02-10,,,,1875.4,,,NSE/CNX_SHARIAH25
2012-02-13,,,,1877.6,,,NSE/CNX_SHARIAH25
2012-02-14,,,,1878.2,,,NSE/CNX_SHARIAH25
2012-02-15,,,,1901.0,,,NSE/CNX_SHARIAH25
2012-02-16,,,,1906.25,,,NSE/CNX_SHARIAH25
2012-02-17,,,,1917.35,,,NSE/CNX_SHARIAH25
2012-02-21,,,,1928.55,,,NSE/CNX_SHARIAH25
2012-02-22,,,,1907.2,,,NSE/CNX_SHARIAH25
2012-02-23,,,,1902.65,,,NSE/CNX_SHARIAH25
2012-02-24,,,,1893.25,,,NSE/CNX_SHARIAH25
2012-02-27,,,,1849.7,,,NSE/CNX_SHARIAH25
2012-02-28,,,,1867.15,,,NSE/CNX_SHARIAH25
2012-02-29,,,,1880.45,,,NSE/CNX_SHARIAH25
2012-03-01,,,,1871.95,,,NSE/CNX_SHARIAH25
2012-03-02,,,,1875.5,,,NSE/CNX_SHARIAH25
2012-03-03,,,,1873.9,,,NSE/CNX_SHARIAH25
2012-03-05,,,,1849.0,,,NSE/CNX_SHARIAH25
2012-03-06,,,,1833.45,,,NSE/CNX_SHARIAH25
2012-03-07,,,,1823.85,,,NSE/CNX_SHARIAH25
2012-03-09,,,,1849.1,,,NSE/CNX_SHARIAH25
2012-03-12,,,,1851.95,,,NSE/CNX_SHARIAH25
2012-03-13,,,,1883.2,,,NSE/CNX_SHARIAH25
2012-03-14,,,,1881.0,,,NSE/CNX_SHARIAH25
2012-03-15,,,,1869.8,,,NSE/CNX_SHARIAH25
2012-03-16,,,,1834.95,,,NSE/CNX_SHARIAH25
2012-03-19,,,,1817.15,,,NSE/CNX_SHARIAH25
2012-03-20,,,,1826.2,,,NSE/CNX_SHARIAH25
2012-03-21,,,,1849.95,,,NSE/CNX_SHARIAH25
2012-03-22,,,,1812.3,,,NSE/CNX_SHARIAH25
2012-03-23,,,,1830.7,,,NSE/CNX_SHARIAH25
2012-03-26,,,,1800.1,,,NSE/CNX_SHARIAH25
2012-03-27,,,,1815.2,,,NSE/CNX_SHARIAH25
2012-03-28,,,,1798.75,,,NSE/CNX_SHARIAH25
2012-03-29,,,,1797.95,,,NSE/CNX_SHARIAH25
2012-03-30,,,,1835.6,,,NSE/CNX_SHARIAH25
2012-04-02,,,,1838.25,,,NSE/CNX_SHARIAH25
2012-04-03,,,,1843.45,,,NSE/CNX_SHARIAH25
2012-04-04,,,,1835.6,,,NSE/CNX_SHARIAH25
2012-04-09,,,,1811.25,,,NSE/CNX_SHARIAH25
2012-04-10,,,,1803.65,,,NSE/CNX_SHARIAH25
2012-04-11,,,,1793.65,,,NSE/CNX_SHARIAH25
2012-04-12,,,,1801.25,,,NSE/CNX_SHARIAH25
2012-04-13,,,,1773.6,,,NSE/CNX_SHARIAH25
2012-04-16,,,,1769.65,,,NSE/CNX_SHARIAH25
2012-04-17,,,,1788.25,,,NSE/CNX_SHARIAH25
2012-04-18,,,,1801.1,,,NSE/CNX_SHARIAH25
2012-04-19,,,,1804.05,,,NSE/CNX_SHARIAH25
2012-04-20,,,,1787.9,,,NSE/CNX_SHARIAH25
2012-04-23,,,,1766.2,,,NSE/CNX_SHARIAH25
2012-04-24,,,,1789.75,,,NSE/CNX_SHARIAH25
2012-04-25,,,,1779.5,,,NSE/CNX_SHARIAH25
2012-04-26,,,,1773.8,,,NSE/CNX_SHARIAH25
2012-04-27,,,,1774.05,,,NSE/CNX_SHARIAH25
2012-04-28,,,,1780.95,,,NSE/CNX_SHARIAH25
2012-04-30,,,,1801.7,,,NSE/CNX_SHARIAH25
2012-05-02,,,,1799.45,,,NSE/CNX_SHARIAH25
2012-05-03,,,,1791.4,,,NSE/CNX_SHARIAH25
2012-05-04,,,,1767.2,,,NSE/CNX_SHARIAH25
2012-05-07,,,,1769.65,,,NSE/CNX_SHARIAH25
2012-05-08,,,,1738.6,,,NSE/CNX_SHARIAH25
2012-05-09,,,,1730.2,,,NSE/CNX_SHARIAH25
2012-05-10,,,,1724.45,,,NSE/CNX_SHARIAH25
2012-05-11,,,,1711.15,,,NSE/CNX_SHARIAH25
2012-05-14,,,,1710.6,,,NSE/CNX_SHARIAH25
2012-05-15,,,,1720.8,,,NSE/CNX_SHARIAH25
2012-05-16,,,,1701.45,,,NSE/CNX_SHARIAH25
2012-05-17,,,,1706.75,,,NSE/CNX_SHARIAH25
2012-05-18,,,,1706.45,,,NSE/CNX_SHARIAH25
2012-05-21,,,,1704.55,,,NSE/CNX_SHARIAH25
2012-05-22,,,,1693.0,,,NSE/CNX_SHARIAH25
2012-05-23,,,,1690.55,,,NSE/CNX_SHARIAH25
2012-05-24,,,,1709.05,,,NSE/CNX_SHARIAH25
2012-05-25,,,,1707.1,,,NSE/CNX_SHARIAH25
2012-05-28,,,,1714.1,,,NSE/CNX_SHARIAH25
2012-05-29,,,,1724.65,,,NSE/CNX_SHARIAH25
2012-05-30,,,,1726.8,,,NSE/CNX_SHARIAH25
2012-05-31,,,,1726.45,,,NSE/CNX_SHARIAH25
2012-06-01,,,,1692.2,,,NSE/CNX_SHARIAH25
2012-06-04,,,,1685.65,,,NSE/CNX_SHARIAH25
2012-06-05,,,,1692.7,,,NSE/CNX_SHARIAH25
2012-06-06,,,,1733.35,,,NSE/CNX_SHARIAH25
2012-06-07,,,,1743.25,,,NSE/CNX_SHARIAH25
2012-06-08,,,,1741.95,,,NSE/CNX_SHARIAH25
2012-06-11,,,,1735.0,,,NSE/CNX_SHARIAH25
2012-06-12,,,,1747.65,,,NSE/CNX_SHARIAH25
2012-06-13,,,,1756.35,,,NSE/CNX_SHARIAH25
2012-06-14,,,,1746.4,,,NSE/CNX_SHARIAH25
2012-06-15,,,,1764.85,,,NSE/CNX_SHARIAH25
2012-06-18,,,,1749.8,,,NSE/CNX_SHARIAH25
2012-06-19,,,,1763.35,,,NSE/CNX_SHARIAH25
2012-06-20,,,,1776.8,,,NSE/CNX_SHARIAH25
2012-06-21,,,,1776.5,,,NSE/CNX_SHARIAH25
2012-06-22,,,,1773.25,,,NSE/CNX_SHARIAH25
2012-06-25,,,,1763.85,,,NSE/CNX_SHARIAH25
2012-06-26,,,,1771.4,,,NSE/CNX_SHARIAH25
2012-06-27,,,,1776.95,,,NSE/CNX_SHARIAH25
2012-06-28,,,,1779.5,,,NSE/CNX_SHARIAH25
2012-06-29,,,,1816.35,,,NSE/CNX_SHARIAH25
2012-07-02,,,,1815.15,,,NSE/CNX_SHARIAH25
2012-07-03,,,,1812.55,,,NSE/CNX_SHARIAH25
2012-07-04,,,,1810.7,,,NSE/CNX_SHARIAH25
2012-07-05,,,,1808.25,,,NSE/CNX_SHARIAH25
2012-07-06,,,,1799.85,,,NSE/CNX_SHARIAH25
2012-07-09,,,,1784.9,,,NSE/CNX_SHARIAH25
2012-07-10,,,,1800.0,,,NSE/CNX_SHARIAH25
2012-07-11,,,,1786.25,,,NSE/CNX_SHARIAH25
2012-07-12,,,,1765.8,,,NSE/CNX_SHARIAH25
2012-07-13,,,,1763.5,,,NSE/CNX_SHARIAH25
2012-07-16,,,,1754.85,,,NSE/CNX_SHARIAH25
2012-07-17,,,,1749.85,,,NSE/CNX_SHARIAH25
2012-07-18,,,,1759.3,,,NSE/CNX_SHARIAH25
2012-07-19,,,,1766.2,,,NSE/CNX_SHARIAH25
2012-07-20,,,,1763.3,,,NSE/CNX_SHARIAH25
2012-07-23,,,,1738.65,,,NSE/CNX_SHARIAH25
2012-07-24,,,,1750.55,,,NSE/CNX_SHARIAH25
2012-07-25,,,,1741.6,,,NSE/CNX_SHARIAH25
2012-07-26,,,,1724.05,,,NSE/CNX_SHARIAH25
2012-07-27,,,,1737.8,,,NSE/CNX_SHARIAH25
2012-07-30,,,,1760.9,,,NSE/CNX_SHARIAH25
2012-07-31,,,,1776.75,,,NSE/CNX_SHARIAH25
2012-08-01,,,,1775.6,,,NSE/CNX_SHARIAH25
2012-08-02,,,,1770.8,,,NSE/CNX_SHARIAH25
2012-08-03,,,,1776.3,,,NSE/CNX_SHARIAH25
2012-08-06,,,,1794.0,,,NSE/CNX_SHARIAH25
2012-08-07,,,,1809.95,,,NSE/CNX_SHARIAH25
2012-08-08,,,,1813.0,,,NSE/CNX_SHARIAH25
2012-08-09,,,,1812.1,,,NSE/CNX_SHARIAH25
2012-08-10,,,,1818.95,,,NSE/CNX_SHARIAH25
2012-08-13,,,,1825.35,,,NSE/CNX_SHARIAH25
2012-08-14,,,,1833.25,,,NSE/CNX_SHARIAH25
2012-08-16,,,,1828.8,,,NSE/CNX_SHARIAH25
2012-08-17,,,,1832.9,,,NSE/CNX_SHARIAH25
2012-08-21,,,,1852.65,,,NSE/CNX_SHARIAH25
2012-08-22,,,,1854.8,,,NSE/CNX_SHARIAH25
2012-08-23,,,,1863.5,,,NSE/CNX_SHARIAH25
2012-08-24,,,,1857.3,,,NSE/CNX_SHARIAH25
2012-08-27,,,,1851.0,,,NSE/CNX_SHARIAH25
2012-08-28,,,,1851.65,,,NSE/CNX_SHARIAH25
2012-08-29,,,,1833.5,,,NSE/CNX_SHARIAH25
2012-08-30,,,,1838.3,,,NSE/CNX_SHARIAH25
2012-08-31,,,,1814.8,,,NSE/CNX_SHARIAH25
2012-09-03,,,,1812.75,,,NSE/CNX_SHARIAH25
2012-09-04,,,,1822.5,,,NSE/CNX_SHARIAH25
2012-09-05,,,,1814.55,,,NSE/CNX_SHARIAH25
2012-09-06,,,,1828.55,,,NSE/CNX_SHARIAH25
2012-09-07,,,,1857.85,,,NSE/CNX_SHARIAH25
2012-09-08,,,,1863.9,,,NSE/CNX_SHARIAH25
2012-09-10,,,,1865.05,,,NSE/CNX_SHARIAH25
2012-09-11,,,,1868.8,,,NSE/CNX_SHARIAH25
2012-09-12,,,,1882.15,,,NSE/CNX_SHARIAH25
2012-09-13,,,,1886.1,,,NSE/CNX_SHARIAH25
2012-09-14,,,,1915.45,,,NSE/CNX_SHARIAH25
2012-09-17,,,,1903.1,,,NSE/CNX_SHARIAH25
2012-09-18,,,,1898.55,,,NSE/CNX_SHARIAH25
2012-09-20,,,,1892.35,,,NSE/CNX_SHARIAH25
2012-09-21,,,,1917.5,,,NSE/CNX_SHARIAH25
2012-09-24,,,,1913.95,,,NSE/CNX_SHARIAH25
2012-09-25,,,,1910.15,,,NSE/CNX_SHARIAH25
2012-09-26,,,,1911.45,,,NSE/CNX_SHARIAH25
2012-09-27,,,,1899.15,,,NSE/CNX_SHARIAH25
2012-09-28,,,,1918.3,,,NSE/CNX_SHARIAH25
2012-10-01,,,,1925.6,,,NSE/CNX_SHARIAH25
2012-10-03,,,,1933.95,,,NSE/CNX_SHARIAH25
2012-10-04,,,,1943.25,,,NSE/CNX_SHARIAH25
2012-10-05,,,,1934.1,,,NSE/CNX_SHARIAH25
2012-10-08,,,,1912.4,,,NSE/CNX_SHARIAH25
2012-10-09,,,,1920.05,,,NSE/CNX_SHARIAH25
2012-10-10,,,,1904.1,,,NSE/CNX_SHARIAH25
2012-10-11,,,,1914.8,,,NSE/CNX_SHARIAH25
2012-10-12,,,,1904.0,,,NSE/CNX_SHARIAH25
2012-10-15,,,,1905.9,,,NSE/CNX_SHARIAH25
2012-10-16,,,,1897.0,,,NSE/CNX_SHARIAH25
2012-10-17,,,,1894.05,,,NSE/CNX_SHARIAH25
2012-10-18,,,,1899.45,,,NSE/CNX_SHARIAH25
2012-10-19,,,,1886.95,,,NSE/CNX_SHARIAH25
2012-10-22,,,,1895.35,,,NSE/CNX_SHARIAH25
2012-10-23,,,,1883.7,,,NSE/CNX_SHARIAH25
2012-10-25,,,,1880.6,,,NSE/CNX_SHARIAH25
2012-10-26,,,,1871.1,,,NSE/CNX_SHARIAH25
2012-10-29,,,,1872.4,,,NSE/CNX_SHARIAH25
2012-10-30,,,,1868.75,,,NSE/CNX_SHARIAH25
2012-10-31,,,,1871.9,,,NSE/CNX_SHARIAH25
2012-11-01,,,,1875.25,,,NSE/CNX_SHARIAH25
2012-11-02,,,,1888.85,,,NSE/CNX_SHARIAH25
2012-11-05,,,,1887.35,,,NSE/CNX_SHARIAH25
2012-11-06,,,,1893.1,,,NSE/CNX_SHARIAH25
2012-11-07,,,,1900.85,,,NSE/CNX_SHARIAH25
2012-11-08,,,,1893.05,,,NSE/CNX_SHARIAH25
2012-11-09,,,,1874.35,,,NSE/CNX_SHARIAH25
2012-11-12,,,,1869.85,,,NSE/CNX_SHARIAH25
2012-11-13,,,,1865.7,,,NSE/CNX_SHARIAH25
2012-11-15,,,,1848.65,,,NSE/CNX_SHARIAH25
2012-11-16,,,,1838.45,,,NSE/CNX_SHARIAH25
2012-11-19,,,,1832.9,,,NSE/CNX_SHARIAH25
2012-11-20,,,,1826.55,,,NSE/CNX_SHARIAH25
2012-11-21,,,,1835.95,,,NSE/CNX_SHARIAH25
2012-11-22,,,,1837.15,,,NSE/CNX_SHARIAH25
2012-11-23,,,,1843.4,,,NSE/CNX_SHARIAH25
2012-11-26,,,,1849.2,,,NSE/CNX_SHARIAH25
2012-11-27,,,,1867.95,,,NSE/CNX_SHARIAH25
2012-11-29,,,,1884.5,,,NSE/CNX_SHARIAH25
2012-11-30,,,,1897.3,,,NSE/CNX_SHARIAH25
2012-12-03,,,,1901.55,,,NSE/CNX_SHARIAH25
2012-12-04,,,,1905.45,,,NSE/CNX_SHARIAH25
2012-12-05,,,,1902.95,,,NSE/CNX_SHARIAH25
2012-12-06,,,,1903.55,,,NSE/CNX_SHARIAH25
2012-12-07,,,,1894.2,,,NSE/CNX_SHARIAH25
2012-12-10,,,,1891.0,,,NSE/CNX_SHARIAH25
2012-12-11,,,,1888.85,,,NSE/CNX_SHARIAH25
2012-12-12,,,,1884.9,,,NSE/CNX_SHARIAH25
2012-12-13,,,,1877.85,,,NSE/CNX_SHARIAH25
2012-12-14,,,,1880.95,,,NSE/CNX_SHARIAH25
2012-12-17,,,,1876.5,,,NSE/CNX_SHARIAH25
2012-12-18,,,,1885.25,,,NSE/CNX_SHARIAH25
2012-12-19,,,,1913.6,,,NSE/CNX_SHARIAH25
2012-12-20,,,,1914.35,,,NSE/CNX_SHARIAH25
2012-12-21,,,,1891.95,,,NSE/CNX_SHARIAH25
2012-12-24,,,,1896.8,,,NSE/CNX_SHARIAH25
2012-12-26,,,,1902.45,,,NSE/CNX_SHARIAH25
2012-12-27,,,,1889.25,,,NSE/CNX_SHARIAH25
2012-12-28,,,,1912.65,,,NSE/CNX_SHARIAH25
2012-12-31,,,,1915.8,,,NSE/CNX_SHARIAH25
2013-01-01,,,,1923.5,,,NSE/CNX_SHARIAH25
2013-01-02,,,,1938.0,,,NSE/CNX_SHARIAH25
2013-01-03,,,,1951.15,,,NSE/CNX_SHARIAH25
2013-01-04,,,,1964.05,,,NSE/CNX_SHARIAH25
2013-01-07,,,,1964.3,,,NSE/CNX_SHARIAH25
2013-01-08,,,,1962.25,,,NSE/CNX_SHARIAH25
2013-01-09,,,,1950.85,,,NSE/CNX_SHARIAH25
2013-01-10,,,,1944.35,,,NSE/CNX_SHARIAH25
2013-01-11,,,,1963.1,,,NSE/CNX_SHARIAH25
2013-01-14,,,,1987.35,,,NSE/CNX_SHARIAH25
2013-01-15,,,,1991.35,,,NSE/CNX_SHARIAH25
2013-01-16,,,,1982.15,,,NSE/CNX_SHARIAH25
2013-01-17,,,,2001.75,,,NSE/CNX_SHARIAH25
2013-01-18,,,,2003.95,,,NSE/CNX_SHARIAH25
2013-01-21,,,,2012.0,,,NSE/CNX_SHARIAH25
2013-01-22,,,,1999.7,,,NSE/CNX_SHARIAH25
2013-01-23,,,,1986.85,,,NSE/CNX_SHARIAH25
2013-01-24,,,,1984.7,,,NSE/CNX_SHARIAH25
2013-01-25,,,,2003.95,,,NSE/CNX_SHARIAH25
2013-01-28,,,,1996.75,,,NSE/CNX_SHARIAH25
2013-01-29,,,,1982.65,,,NSE/CNX_SHARIAH25
2013-01-30,,,,1992.0,,,NSE/CNX_SHARIAH25
2013-01-31,,,,1991.0,,,NSE/CNX_SHARIAH25
2013-02-01,,,,1986.15,,,NSE/CNX_SHARIAH25
2013-02-04,,,,1975.25,,,NSE/CNX_SHARIAH25
2013-02-05,,,,1974.4,,,NSE/CNX_SHARIAH25
2013-02-06,,,,1973.45,,,NSE/CNX_SHARIAH25
2013-02-07,,,,1968.4,,,NSE/CNX_SHARIAH25
2013-02-08,,,,1955.4,,,NSE/CNX_SHARIAH25
2013-02-11,,,,1951.95,,,NSE/CNX_SHARIAH25
2013-02-12,,,,1963.25,,,NSE/CNX_SHARIAH25
2013-02-13,,,,1962.2,,,NSE/CNX_SHARIAH25
2013-02-14,,,,1954.6,,,NSE/CNX_SHARIAH25
2013-02-15,,,,1946.75,,,NSE/CNX_SHARIAH25
2013-02-18,,,,1946.05,,,NSE/CNX_SHARIAH25
2013-02-19,,,,1972.15,,,NSE/CNX_SHARIAH25
2013-02-20,,,,1981.6,,,NSE/CNX_SHARIAH25
2013-02-21,,,,1960.0,,,NSE/CNX_SHARIAH25
2013-02-22,,,,1962.65,,,NSE/CNX_SHARIAH25
2013-02-25,,,,1968.85,,,NSE/CNX_SHARIAH25
2013-02-26,,,,1940.15,,,NSE/CNX_SHARIAH25
2013-02-27,,,,1943.65,,,NSE/CNX_SHARIAH25
2013-02-28,,,,1924.8,,,NSE/CNX_SHARIAH25
2013-03-01,,,,1933.25,,,NSE/CNX_SHARIAH25
2013-03-04,,,,1918.45,,,NSE/CNX_SHARIAH25
2013-03-05,,,,1946.55,,,NSE/CNX_SHARIAH25
2013-03-06,,,,1958.35,,,NSE/CNX_SHARIAH25
2013-03-07,,,,1972.3,,,NSE/CNX_SHARIAH25
2013-03-08,,,,1985.5,,,NSE/CNX_SHARIAH25
2013-03-11,,,,1980.65,,,NSE/CNX_SHARIAH25
2013-03-12,,,,1976.6,,,NSE/CNX_SHARIAH25
2013-03-13,,,,1958.7,,,NSE/CNX_SHARIAH25
2013-03-14,,,,1972.95,,,NSE/CNX_SHARIAH25
2013-03-15,,,,1970.7,,,NSE/CNX_SHARIAH25
2013-03-18,,,,1957.25,,,NSE/CNX_SHARIAH25
2013-03-19,,,,1937.4,,,NSE/CNX_SHARIAH25
2013-03-20,,,,1933.0,,,NSE/CNX_SHARIAH25
2013-03-21,,,,1912.45,,,NSE/CNX_SHARIAH25
2013-03-22,,,,1911.85,,,NSE/CNX_SHARIAH25
2013-03-25,,,,1912.0,,,NSE/CNX_SHARIAH25
2013-03-26,,,,1908.15,,,NSE/CNX_SHARIAH25
2013-03-28,,,,1916.45,,,NSE/CNX_SHARIAH25
2013-04-01,,,,1926.25,,,NSE/CNX_SHARIAH25
2013-04-02,,,,1948.0,,,NSE/CNX_SHARIAH25
2013-04-03,,,,1924.2,,,NSE/CNX_SHARIAH25
2013-04-04,,,,1904.45,,,NSE/CNX_SHARIAH25
2013-04-05,,,,1914.7,,,NSE/CNX_SHARIAH25
2013-04-08,,,,1914.65,,,NSE/CNX_SHARIAH25
2013-04-09,,,,1895.5,,,NSE/CNX_SHARIAH25
2013-04-10,,,,1904.95,,,NSE/CNX_SHARIAH25
2013-04-11,,,,1918.1,,,NSE/CNX_SHARIAH25
2013-04-12,,,,1885.3,,,NSE/CNX_SHARIAH25
2013-04-15,,,,1888.9,,,NSE/CNX_SHARIAH25
2013-04-16,,,,1918.8,,,NSE/CNX_SHARIAH25
2013-04-17,,,,1912.75,,,NSE/CNX_SHARIAH25
2013-04-18,,,,1926.2,,,NSE/CNX_SHARIAH25
2013-04-22,,,,1922.3,,,NSE/CNX_SHARIAH25
2013-04-23,,,,1930.2,,,NSE/CNX_SHARIAH25
2013-04-25,,,,1949.7,,,NSE/CNX_SHARIAH25
2013-04-26,,,,1931.2,,,NSE/CNX_SHARIAH25
2013-04-29,,,,1949.65,,,NSE/CNX_SHARIAH25
2013-04-30,,,,1985.0,,,NSE/CNX_SHARIAH25
2013-05-02,,,,1999.55,,,NSE/CNX_SHARIAH25
2013-05-03,,,,1992.05,,,NSE/CNX_SHARIAH25
2013-05-06,,,,2011.9,,,NSE/CNX_SHARIAH25
2013-05-07,,,,2026.45,,,NSE/CNX_SHARIAH25
2013-05-08,,,,2025.95,,,NSE/CNX_SHARIAH25
2013-05-09,,,,2015.5,,,NSE/CNX_SHARIAH25
2013-05-10,,,,2026.85,,,NSE/CNX_SHARIAH25
2013-05-11,,,,2036.45,,,NSE/CNX_SHARIAH25
2013-05-13,,,,2004.4,,,NSE/CNX_SHARIAH25
2013-05-14,,,,2010.85,,,NSE/CNX_SHARIAH25
2013-05-15,,,,2038.5,,,NSE/CNX_SHARIAH25
2013-05-16,,,,2043.1,,,NSE/CNX_SHARIAH25
2013-05-17,,,,2051.7,,,NSE/CNX_SHARIAH25
2013-05-20,,,,2040.0,,,NSE/CNX_SHARIAH25
2013-05-21,,,,2036.5,,,NSE/CNX_SHARIAH25
2013-05-22,,,,2035.1,,,NSE/CNX_SHARIAH25
2013-05-23,,,,2006.7,,,NSE/CNX_SHARIAH25
2013-05-24,,,,2000.15,,,NSE/CNX_SHARIAH25
2013-05-27,,,,2032.25,,,NSE/CNX_SHARIAH25
2013-05-28,,,,2048.15,,,NSE/CNX_SHARIAH25
2013-05-29,,,,2058.05,,,NSE/CNX_SHARIAH25
2013-05-30,,,,2056.95,,,NSE/CNX_SHARIAH25
2013-05-31,,,,2027.5,,,NSE/CNX_SHARIAH25
2013-06-03,,,,1994.5,,,NSE/CNX_SHARIAH25
2013-06-04,,,,1996.4,,,NSE/CNX_SHARIAH25
2013-06-05,,,,2009.15,,,NSE/CNX_SHARIAH25
2013-06-06,,,,1998.25,,,NSE/CNX_SHARIAH25
2013-06-07,,,,1994.55,,,NSE/CNX_SHARIAH25
2013-06-10,,,,1994.1,,,NSE/CNX_SHARIAH25
2013-06-11,,,,1978.6,,,NSE/CNX_SHARIAH25
2013-06-12,,,,1968.1,,,NSE/CNX_SHARIAH25
2013-06-13,,,,1945.5,,,NSE/CNX_SHARIAH25
2013-06-14,,,,1970.1,,,NSE/CNX_SHARIAH25
2013-06-17,,,,1982.85,,,NSE/CNX_SHARIAH25
2013-06-18,,,,1976.05,,,NSE/CNX_SHARIAH25
2013-06-19,,,,1977.35,,,NSE/CNX_SHARIAH25
2013-06-20,,,,1942.4,,,NSE/CNX_SHARIAH25
2013-06-21,,,,1948.95,,,NSE/CNX_SHARIAH25
2013-06-24,,,,1924.75,,,NSE/CNX_SHARIAH25
2013-06-25,,,,1919.1,,,NSE/CNX_SHARIAH25
2013-06-26,,,,1926.7,,,NSE/CNX_SHARIAH25
2013-06-27,,,,1963.3,,,NSE/CNX_SHARIAH25
2013-06-28,,,,2015.2,,,NSE/CNX_SHARIAH25
2013-07-01,,,,2038.15,,,NSE/CNX_SHARIAH25
2013-07-02,,,,2040.35,,,NSE/CNX_SHARIAH25
2013-07-03,,,,2019.95,,,NSE/CNX_SHARIAH25
2013-07-04,,,,2039.5,,,NSE/CNX_SHARIAH25
2013-07-05,,,,2051.35,,,NSE/CNX_SHARIAH25
2013-07-08,,,,2044.1,,,NSE/CNX_SHARIAH25
2013-07-09,,,,2061.3,,,NSE/CNX_SHARIAH25
2013-07-10,,,,2051.0,,,NSE/CNX_SHARIAH25
2013-07-11,,,,2078.75,,,NSE/CNX_SHARIAH25
2013-07-12,,,,2092.1,,,NSE/CNX_SHARIAH25
2013-07-15,,,,2109.35,,,NSE/CNX_SHARIAH25
2013-07-16,,,,2111.75,,,NSE/CNX_SHARIAH25
2013-07-17,,,,2148.0,,,NSE/CNX_SHARIAH25
2013-07-18,,,,2170.45,,,NSE/CNX_SHARIAH25
2013-07-19,,,,2175.05,,,NSE/CNX_SHARIAH25
2013-07-22,,,,2159.45,,,NSE/CNX_SHARIAH25
2013-07-23,,,,2167.7,,,NSE/CNX_SHARIAH25
2013-07-24,,,,2161.1,,,NSE/CNX_SHARIAH25
2013-07-25,,,,2134.0,,,NSE/CNX_SHARIAH25
2013-07-26,,,,2124.8,,,NSE/CNX_SHARIAH25
2013-07-29,,,,2102.0,,,NSE/CNX_SHARIAH25
2013-07-30,,,,2062.3,,,NSE/CNX_SHARIAH25
2013-07-31,,,,2071.85,,,NSE/CNX_SHARIAH25
2013-08-01,,,,2066.2,,,NSE/CNX_SHARIAH25
2013-08-02,,,,2061.1,,,NSE/CNX_SHARIAH25
2013-08-05,,,,2051.6,,,NSE/CNX_SHARIAH25
2013-08-06,,,,2013.65,,,NSE/CNX_SHARIAH25
2013-08-07,,,,2006.4,,,NSE/CNX_SHARIAH25
2013-08-08,,,,2014.45,,,NSE/CNX_SHARIAH25
2013-08-12,,,,2025.05,,,NSE/CNX_SHARIAH25
2013-08-13,,,,2053.55,,,NSE/CNX_SHARIAH25
2013-08-14,,,,2059.7,,,NSE/CNX_SHARIAH25
2013-08-16,,,,2003.35,,,NSE/CNX_SHARIAH25
2013-08-19,,,,1964.0,,,NSE/CNX_SHARIAH25
2013-08-20,,,,1940.1,,,NSE/CNX_SHARIAH25
2013-08-21,,,,1910.85,,,NSE/CNX_SHARIAH25
2013-08-22,,,,1940.55,,,NSE/CNX_SHARIAH25
2013-08-23,,,,1969.6,,,NSE/CNX_SHARIAH25
2013-08-26,,,,1987.25,,,NSE/CNX_SHARIAH25
2013-08-27,,,,1945.8,,,NSE/CNX_SHARIAH25
2013-08-28,,,,1947.4,,,NSE/CNX_SHARIAH25
2013-08-29,,,,1991.5,,,NSE/CNX_SHARIAH25
2013-08-30,,,,2034.45,,,NSE/CNX_SHARIAH25
2013-09-02,,,,2062.9,,,NSE/CNX_SHARIAH25
2013-09-03,,,,2006.7,,,NSE/CNX_SHARIAH25
2013-09-04,,,,2043.05,,,NSE/CNX_SHARIAH25
2013-09-05,,,,2049.5,,,NSE/CNX_SHARIAH25
2013-09-06,,,,2053.6,,,NSE/CNX_SHARIAH25
2013-09-10,,,,2109.4,,,NSE/CNX_SHARIAH25
2013-09-11,,,,2113.4,,,NSE/CNX_SHARIAH25
2013-09-12,,,,2084.5,,,NSE/CNX_SHARIAH25
2013-09-13,,,,2086.9,,,NSE/CNX_SHARIAH25
2013-09-16,,,,2071.35,,,NSE/CNX_SHARIAH25
2013-09-17,,,,2089.05,,,NSE/CNX_SHARIAH25
2013-09-18,,,,2097.7,,,NSE/CNX_SHARIAH25
2013-09-19,,,,2151.0,,,NSE/CNX_SHARIAH25
2013-09-20,,,,2137.95,,,NSE/CNX_SHARIAH25
2013-09-23,,,,2120.35,,,NSE/CNX_SHARIAH25
2013-09-24,,,,2126.45,,,NSE/CNX_SHARIAH25
2013-09-25,,,,2122.65,,,NSE/CNX_SHARIAH25
2013-09-26,,,,2116.75,,,NSE/CNX_SHARIAH25
2013-09-27,,,,2107.4,,,NSE/CNX_SHARIAH25
2013-09-30,,,,2094.35,,,NSE/CNX_SHARIAH25
2013-10-01,,,,2096.45,,,NSE/CNX_SHARIAH25
2013-10-03,,,,2143.65,,,NSE/CNX_SHARIAH25
2013-10-04,,,,2149.75,,,NSE/CNX_SHARIAH25
2013-10-07,,,,2165.05,,,NSE/CNX_SHARIAH25
2013-10-08,,,,2154.75,,,NSE/CNX_SHARIAH25
2013-10-09,,,,2179.05,,,NSE/CNX_SHARIAH25
2013-10-10,,,,2186.2,,,NSE/CNX_SHARIAH25
2013-10-11,,,,2195.3,,,NSE/CNX_SHARIAH25
2013-10-14,,,,2199.65,,,NSE/CNX_SHARIAH25
2013-10-15,,,,2197.2,,,NSE/CNX_SHARIAH25
2013-10-17,,,,2188.8,,,NSE/CNX_SHARIAH25
2013-10-18,,,,2212.75,,,NSE/CNX_SHARIAH25
2013-10-21,,,,2224.25,,,NSE/CNX_SHARIAH25
2013-10-22,,,,2227.65,,,NSE/CNX_SHARIAH25
2013-10-23,,,,2222.25,,,NSE/CNX_SHARIAH25
2013-10-24,,,,2202.6,,,NSE/CNX_SHARIAH25
2013-10-25,,,,2192.5,,,NSE/CNX_SHARIAH25
2013-10-28,,,,2173.65,,,NSE/CNX_SHARIAH25
2013-10-29,,,,2214.25,,,NSE/CNX_SHARIAH25
2013-10-30,,,,2239.85,,,NSE/CNX_SHARIAH25
2013-10-31,,,,2244.85,,,NSE/CNX_SHARIAH25
2013-11-01,,,,2239.3,,,NSE/CNX_SHARIAH25
2013-11-03,,,,2245.45,,,NSE/CNX_SHARIAH25
2013-11-05,,,,2215.4,,,NSE/CNX_SHARIAH25
2013-11-06,,,,2215.75,,,NSE/CNX_SHARIAH25
2013-11-07,,,,2212.65,,,NSE/CNX_SHARIAH25
2013-11-08,,,,2206.85,,,NSE/CNX_SHARIAH25
2013-11-11,,,,2194.2,,,NSE/CNX_SHARIAH25
2013-11-12,,,,2177.6,,,NSE/CNX_SHARIAH25
2013-11-13,,,,2167.25,,,NSE/CNX_SHARIAH25
2013-11-14,,,,2174.25,,,NSE/CNX_SHARIAH25
2013-11-18,,,,2205.85,,,NSE/CNX_SHARIAH25
2013-11-19,,,,2206.65,,,NSE/CNX_SHARIAH25
2013-11-20,,,,2178.1,,,NSE/CNX_SHARIAH25
2013-11-21,,,,2147.05,,,NSE/CNX_SHARIAH25
2013-11-22,,,,2149.6,,,NSE/CNX_SHARIAH25
2013-11-25,,,,2181.7,,,NSE/CNX_SHARIAH25
2013-11-26,,,,2179.8,,,NSE/CNX_SHARIAH25
2013-11-27,,,,2172.4,,,NSE/CNX_SHARIAH25
2013-11-28,,,,2189.0,,,NSE/CNX_SHARIAH25
2013-11-29,,,,2206.85,,,NSE/CNX_SHARIAH25
2013-12-02,,,,2208.4,,,NSE/CNX_SHARIAH25
2013-12-03,,,,2208.65,,,NSE/CNX_SHARIAH25
2013-12-04,,,,2192.3,,,NSE/CNX_SHARIAH25
2013-12-05,,,,2199.7,,,NSE/CNX_SHARIAH25
2013-12-06,,,,2203.1,,,NSE/CNX_SHARIAH25
2013-12-09,,,,2225.45,,,NSE/CNX_SHARIAH25
2013-12-10,,,,2242.65,,,NSE/CNX_SHARIAH25
2013-12-11,,,,2230.3,,,NSE/CNX_SHARIAH25
2013-12-12,,,,2205.35,,,NSE/CNX_SHARIAH25
2013-12-13,,,,2178.2,,,NSE/CNX_SHARIAH25
2013-12-16,,,,2173.65,,,NSE/CNX_SHARIAH25
2013-12-17,,,,2176.2,,,NSE/CNX_SHARIAH25
2013-12-18,,,,2211.95,,,NSE/CNX_SHARIAH25
2013-12-19,,,,2210.95,,,NSE/CNX_SHARIAH25
2013-12-20,,,,2255.15,,,NSE/CNX_SHARIAH25
2013-12-23,,,,2258.8,,,NSE/CNX_SHARIAH25
2013-12-24,,,,2266.15,,,NSE/CNX_SHARIAH25
2013-12-26,,,,2256.45,,,NSE/CNX_SHARIAH25
2013-12-27,,,,2266.95,,,NSE/CNX_SHARIAH25
2013-12-30,,,,2269.4,,,NSE/CNX_SHARIAH25
2013-12-31,,,,2272.5,,,NSE/CNX_SHARIAH25
2014-01-01,,,,2273.85,,,NSE/CNX_SHARIAH25
2014-01-02,,,,2247.7,,,NSE/CNX_SHARIAH25
2014-01-03,,,,2255.7,,,NSE/CNX_SHARIAH25
2014-01-06,,,,2249.6,,,NSE/CNX_SHARIAH25
2014-01-07,,,,2239.95,,,NSE/CNX_SHARIAH25
2014-01-08,,,,2253.85,,,NSE/CNX_SHARIAH25
2014-01-09,,,,2253.4,,,NSE/CNX_SHARIAH25
2014-01-10,,,,2258.9,,,NSE/CNX_SHARIAH25
2014-01-13,,,,2275.6,,,NSE/CNX_SHARIAH25
2014-01-14,,,,2266.05,,,NSE/CNX_SHARIAH25
2014-01-15,,,,2284.85,,,NSE/CNX_SHARIAH25
2014-01-16,,,,2292.4,,,NSE/CNX_SHARIAH25
2014-01-17,,,,2273.8,,,NSE/CNX_SHARIAH25
2014-01-20,,,,2295.45,,,NSE/CNX_SHARIAH25
2014-01-21,,,,2283.6,,,NSE/CNX_SHARIAH25
2014-01-22,,,,2291.45,,,NSE/CNX_SHARIAH25
2014-01-23,,,,2282.45,,,NSE/CNX_SHARIAH25
2014-01-24,,,,2267.05,,,NSE/CNX_SHARIAH25
2014-01-27,,,,2244.5,,,NSE/CNX_SHARIAH25
2014-01-28,,,,2234.15,,,NSE/CNX_SHARIAH25
2014-01-29,,,,2247.1,,,NSE/CNX_SHARIAH25
2014-01-30,,,,2234.2,,,NSE/CNX_SHARIAH25
2014-01-31,,,,2252.05,,,NSE/CNX_SHARIAH25
2014-02-03,,,,2237.15,,,NSE/CNX_SHARIAH25
2014-02-04,,,,2225.65,,,NSE/CNX_SHARIAH25
2014-02-05,,,,2237.25,,,NSE/CNX_SHARIAH25
2014-02-06,,,,2245.9,,,NSE/CNX_SHARIAH25
2014-02-07,,,,2252.05,,,NSE/CNX_SHARIAH25
2014-02-10,,,,2247.85,,,NSE/CNX_SHARIAH25
2014-02-11,,,,2244.05,,,NSE/CNX_SHARIAH25
2014-02-12,,,,2249.2,,,NSE/CNX_SHARIAH25
2014-02-13,,,,2216.05,,,NSE/CNX_SHARIAH25
2014-02-14,,,,2222.35,,,NSE/CNX_SHARIAH25
2014-02-17,,,,2229.15,,,NSE/CNX_SHARIAH25
2014-02-18,,,,2232.55,,,NSE/CNX_SHARIAH25
2014-02-19,,,,2239.75,,,NSE/CNX_SHARIAH25
2014-02-20,,,,2230.15,,,NSE/CNX_SHARIAH25
2014-02-21,,,,2256.6,,,NSE/CNX_SHARIAH25
2014-02-24,,,,2265.3,,,NSE/CNX_SHARIAH25
2014-02-25,,,,2275.9,,,NSE/CNX_SHARIAH25
2014-02-26,,,,2285.95,,,NSE/CNX_SHARIAH25
2014-02-28,,,,2305.35,,,NSE/CNX_SHARIAH25
2014-03-03,,,,2283.15,,,NSE/CNX_SHARIAH25
2014-03-04,,,,2297.45,,,NSE/CNX_SHARIAH25
2014-03-05,,,,2295.0,,,NSE/CNX_SHARIAH25
2014-03-06,,,,2318.0,,,NSE/CNX_SHARIAH25
2014-03-07,,,,2331.25,,,NSE/CNX_SHARIAH25
2014-03-10,,,,2321.45,,,NSE/CNX_SHARIAH25
2014-03-11,,,,2314.55,,,NSE/CNX_SHARIAH25
2014-03-12,,,,2320.0,,,NSE/CNX_SHARIAH25
2014-03-13,,,,2318.1,,,NSE/CNX_SHARIAH25
2014-03-14,,,,2320.95,,,NSE/CNX_SHARIAH25
2014-03-18,,,,2337.55,,,NSE/CNX_SHARIAH25
2014-03-19,,,,2337.25,,,NSE/CNX_SHARIAH25
2014-03-20,,,,2340.15,,,NSE/CNX_SHARIAH25
2014-03-21,,,,2343.1,,,NSE/CNX_SHARIAH25
2014-03-22,,,,2348.6,,,NSE/CNX_SHARIAH25
2014-03-24,,,,2369.45,,,NSE/CNX_SHARIAH25
2014-03-25,,,,2367.0,,,NSE/CNX_SHARIAH25
2014-03-26,,,,2358.9,,,NSE/CNX_SHARIAH25
2014-03-27,,,,2378.05,,,NSE/CNX_SHARIAH25
2014-03-28,,,,2400.45,,,NSE/CNX_SHARIAH25
2014-03-31,,,,2413.15,,,NSE/CNX_SHARIAH25
2014-04-01,,,,2422.8,,,NSE/CNX_SHARIAH25
2014-04-02,,,,2422.2,,,NSE/CNX_SHARIAH25
2014-04-03,,,,2429.65,,,NSE/CNX_SHARIAH25
2014-04-04,,,,2414.35,,,NSE/CNX_SHARIAH25
2014-04-07,,,,2413.3,,,NSE/CNX_SHARIAH25
2014-04-09,,,,2422.75,,,NSE/CNX_SHARIAH25
2014-04-10,,,,2415.35,,,NSE/CNX_SHARIAH25
2014-04-11,,,,2420.45,,,NSE/CNX_SHARIAH25
2014-04-15,,,,2420.95,,,NSE/CNX_SHARIAH25
2014-04-16,,,,2398.65,,,NSE/CNX_SHARIAH25
2014-04-17,,,,2426.9,,,NSE/CNX_SHARIAH25
2014-04-21,,,,2417.55,,,NSE/CNX_SHARIAH25
2014-04-22,,,,2417.6,,,NSE/CNX_SHARIAH25
2014-04-23,,,,2412.8,,,NSE/CNX_SHARIAH25
2014-04-25,,,,2395.75,,,NSE/CNX_SHARIAH25
2014-04-28,,,,2389.7,,,NSE/CNX_SHARIAH25
2014-04-29,,,,2374.3,,,NSE/CNX_SHARIAH25
2014-04-30,,,,2371.8,,,NSE/CNX_SHARIAH25
2014-05-02,,,,2381.7,,,NSE/CNX_SHARIAH25
2014-05-05,,,,2374.3,,,NSE/CNX_SHARIAH25
2014-05-06,,,,2371.5,,,NSE/CNX_SHARIAH25
2014-05-07,,,,2336.95,,,NSE/CNX_SHARIAH25
2014-05-08,,,,2342.35,,,NSE/CNX_SHARIAH25
2014-05-09,,,,2381.75,,,NSE/CNX_SHARIAH25
2014-05-12,,,,2419.3,,,NSE/CNX_SHARIAH25
2014-05-13,,,,2469.51,49893271.0,3010.36,NSE/CNX_SHARIAH25
2014-05-14,,,,2470.38,26838469.0,2077.34,NSE/CNX_SHARIAH25
2014-05-15,,,,2460.53,31690085.0,2406.49,NSE/CNX_SHARIAH25
2014-05-16,,,,2454.89,57421578.0,4992.34,NSE/CNX_SHARIAH25
2014-05-19,,,,2428.06,61628018.0,4736.93,NSE/CNX_SHARIAH25
2014-05-20,,,,2434.46,50930979.0,3235.2,NSE/CNX_SHARIAH25
2014-05-21,,,,2432.19,35361665.0,2748.35,NSE/CNX_SHARIAH25
2014-05-22,,,,2442.56,36681429.0,2817.2,NSE/CNX_SHARIAH25
2014-05-23,,,,2467.36,34335107.0,2508.64,NSE/CNX_SHARIAH25
2014-05-26,,,,2445.22,45295354.0,3103.31,NSE/CNX_SHARIAH25
2014-05-27,,,,2433.71,32897703.0,2142.65,NSE/CNX_SHARIAH25
2014-05-28,,,,2454.35,31854733.0,2675.58,NSE/CNX_SHARIAH25
2014-05-29,,,,2435.55,44096543.0,3217.74,NSE/CNX_SHARIAH25
2014-05-30,,,,2464.2,49420136.0,3570.78,NSE/CNX_SHARIAH25
2014-06-02,,,,2471.88,21551238.0,1491.8,NSE/CNX_SHARIAH25
2014-06-03,,,,2477.11,29208284.0,2021.02,NSE/CNX_SHARIAH25
2014-06-04,,,,2475.42,25678483.0,2111.47,NSE/CNX_SHARIAH25
2014-06-05,,,,2508.31,34563541.0,2808.44,NSE/CNX_SHARIAH25
2014-06-06,,,,2548.18,40286200.0,3035.11,NSE/CNX_SHARIAH25
2014-06-09,,,,2582.86,33477012.0,2556.55,NSE/CNX_SHARIAH25
2014-06-10,,,,2609.52,37323745.0,2939.15,NSE/CNX_SHARIAH25
2014-06-11,,,,2611.98,35291412.0,2762.83,NSE/CNX_SHARIAH25
2014-06-12,,,,2621.46,23913303.0,2088.15,NSE/CNX_SHARIAH25
2014-06-13,,,,2599.21,34429139.0,3492.46,NSE/CNX_SHARIAH25
2014-06-16,,,,2601.35,26582007.0,2137.18,NSE/CNX_SHARIAH25
2014-06-17,,,,2620.56,26769969.0,2124.49,NSE/CNX_SHARIAH25
2014-06-18,,,,2602.46,34731383.0,2550.27,NSE/CNX_SHARIAH25
2014-06-19,,,,2611.45,25463881.0,2119.22,NSE/CNX_SHARIAH25
2014-06-20,,,,2602.45,22206292.0,1810.72,NSE/CNX_SHARIAH25
2014-06-23,,,,2601.74,19905143.0,1589.41,NSE/CNX_SHARIAH25
2014-06-24,,,,2623.36,26612129.0,1837.44,NSE/CNX_SHARIAH25
2014-06-25,,,,2641.73,23126450.0,1699.16,NSE/CNX_SHARIAH25
2014-06-26,,,,2637.58,41243934.0,3018.28,NSE/CNX_SHARIAH25
2014-06-27,,,,2660.23,26602587.0,2372.9,NSE/CNX_SHARIAH25
2014-06-30,,,,2681.71,25422636.0,2291.3,NSE/CNX_SHARIAH25
2014-07-01,,,,2684.76,20474856.0,2027.9,NSE/CNX_SHARIAH25
2014-07-02,,,,2709.53,23861238.0,1922.18,NSE/CNX_SHARIAH25
2014-07-03,,,,2703.61,26578931.0,2025.77,NSE/CNX_SHARIAH25
2014-07-04,,,,2714.69,20812601.0,1516.32,NSE/CNX_SHARIAH25
2014-07-07,,,,2733.77,22716270.0,1998.89,NSE/CNX_SHARIAH25
2014-07-08,,,,2676.86,31701846.0,2500.67,NSE/CNX_SHARIAH25
2014-07-09,,,,2655.36,24694986.0,1983.23,NSE/CNX_SHARIAH25
2014-07-11,,,,2632.36,29759122.0,2152.34,NSE/CNX_SHARIAH25
2014-07-14,,,,2619.97,19581290.0,1618.66,NSE/CNX_SHARIAH25
2014-07-15,,,,2626.86,21583345.0,1566.09,NSE/CNX_SHARIAH25
2014-07-16,,,,2642.25,18794367.0,1689.37,NSE/CNX_SHARIAH25
2014-07-17,,,,2653.66,17427032.0,1625.54,NSE/CNX_SHARIAH25
2014-07-18,,,,2658.98,21136572.0,1820.28,NSE/CNX_SHARIAH25
2014-07-21,,,,2665.25,17056557.0,1504.65,NSE/CNX_SHARIAH25
2014-07-22,,,,2698.99,24211075.0,2182.9,NSE/CNX_SHARIAH25
2014-07-23,,,,2710.02,19048311.0,1749.3,NSE/CNX_SHARIAH25
2014-07-24,,,,2725.54,19093142.0,1639.21,NSE/CNX_SHARIAH25
2014-07-25,,,,2729.85,31457093.0,2365.17,NSE/CNX_SHARIAH25
2014-07-28,,,,2730.15,23909340.0,2003.48,NSE/CNX_SHARIAH25
2014-07-30,,,,2750.99,30614133.0,2663.55,NSE/CNX_SHARIAH25
2014-07-31,,,,2733.57,37048567.0,3698.35,NSE/CNX_SHARIAH25
2014-08-01,,,,2703.38,27227874.0,2912.96,NSE/CNX_SHARIAH25
2014-08-04,,,,2731.43,23191444.0,2146.72,NSE/CNX_SHARIAH25
2014-08-05,,,,2746.6,17336892.0,1745.79,NSE/CNX_SHARIAH25
2014-08-06,,,,2743.12,24200929.0,2171.07,NSE/CNX_SHARIAH25
2014-08-07,,,,2737.01,17884033.0,1760.73,NSE/CNX_SHARIAH25
2014-08-08,,,,2717.33,18055162.0,1554.26,NSE/CNX_SHARIAH25
2014-08-11,,,,2709.05,17667674.0,1429.36,NSE/CNX_SHARIAH25
2014-08-12,,,,2728.81,22216086.0,1666.35,NSE/CNX_SHARIAH25
2014-08-13,,,,2739.79,34699201.0,2345.59,NSE/CNX_SHARIAH25
2014-08-14,,,,2748.53,26731648.0,1863.93,NSE/CNX_SHARIAH25
2014-08-18,,,,2774.6,24188072.0,1743.51,NSE/CNX_SHARIAH25
2014-08-19,,,,2793.29,25726906.0,2135.54,NSE/CNX_SHARIAH25
2014-08-20,,,,2800.08,25034600.0,2079.09,NSE/CNX_SHARIAH25
2014-08-21,,,,2806.69,24954275.0,2269.28,NSE/CNX_SHARIAH25
2014-08-22,,,,2816.49,21191328.0,1914.11,NSE/CNX_SHARIAH25
2014-08-25,,,,2833.54,22092412.0,1899.19,NSE/CNX_SHARIAH25
2014-08-26,,,,2847.91,22686844.0,1915.3,NSE/CNX_SHARIAH25
2014-08-27,,,,2866.24,24954853.0,2058.35,NSE/CNX_SHARIAH25
2014-08-28,,,,2876.45,61556413.0,4455.36,NSE/CNX_SHARIAH25
2014-09-01,,,,2912.95,23379088.0,1993.43,NSE/CNX_SHARIAH25
2014-09-02,,,,2936.31,26082528.0,2311.78,NSE/CNX_SHARIAH25
2014-09-03,,,,2949.85,28489365.0,2730.64,NSE/CNX_SHARIAH25
2014-09-04,,,,2952.68,29975922.0,2052.77,NSE/CNX_SHARIAH25
2014-09-05,,,,2952.65,21679378.0,1765.36,NSE/CNX_SHARIAH25
2014-09-08,,,,2990.22,21206564.0,1982.8,NSE/CNX_SHARIAH25
2014-09-10,,,,2958.36,17954481.0,1500.24,NSE/CNX_SHARIAH25
2014-09-11,,,,2960.78,20525552.0,1652.21,NSE/CNX_SHARIAH25
2014-09-12,,,,2978.46,22965858.0,1808.61,NSE/CNX_SHARIAH25
2014-09-15,,,,2970.54,19692311.0,1696.66,NSE/CNX_SHARIAH25
2014-09-16,,,,2933.3,21819266.0,1995.06,NSE/CNX_SHARIAH25
2014-09-17,,,,2954.36,21246150.0,1935.98,NSE/CNX_SHARIAH25
2014-09-18,,,,3010.59,21450024.0,2000.49,NSE/CNX_SHARIAH25
2014-09-19,,,,3026.34,34253717.0,2979.35,NSE/CNX_SHARIAH25
2014-09-22,,,,3020.54,19061666.0,1543.54,NSE/CNX_SHARIAH25
2014-09-23,,,,2985.76,27531518.0,2613.96,NSE/CNX_SHARIAH25
2014-09-24,,,,2995.72,24791835.0,2202.67,NSE/CNX_SHARIAH25
2014-09-25,,,,2979.72,38223993.0,3261.74,NSE/CNX_SHARIAH25
2014-09-26,,,,2978.5,22889310.0,2019.29,NSE/CNX_SHARIAH25
2014-09-29,,,,2990.28,19801532.0,1752.68,NSE/CNX_SHARIAH25
2014-09-30,,,,3001.39,27248440.0,2540.45,NSE/CNX_SHARIAH25
2014-10-01,,,,2996.07,19980998.0,2119.94,NSE/CNX_SHARIAH25
2014-10-07,,,,2963.93,26291929.0,2374.41,NSE/CNX_SHARIAH25
2014-10-08,,,,2925.36,27648023.0,2367.73,NSE/CNX_SHARIAH25
2014-10-09,,,,2957.18,30008407.0,2461.14,NSE/CNX_SHARIAH25
2014-10-10,,,,2945.07,33185845.0,2571.06,NSE/CNX_SHARIAH25
2014-10-13,,,,2939.34,22436620.0,2096.74,NSE/CNX_SHARIAH25
2014-10-14,,,,2942.32,24104176.0,2180.85,NSE/CNX_SHARIAH25
2014-10-16,,,,2884.16,30457267.0,2992.71,NSE/CNX_SHARIAH25
2014-10-17,,,,2862.5,33539367.0,4229.89,NSE/CNX_SHARIAH25
2014-10-20,,,,2893.31,23724757.0,2529.07,NSE/CNX_SHARIAH25
2014-10-21,,,,2919.91,26654069.0,2166.14,NSE/CNX_SHARIAH25
2014-10-22,,,,2966.74,26028581.0,2349.74,NSE/CNX_SHARIAH25
2014-10-23,,,,2974.42,3916915.0,348.63,NSE/CNX_SHARIAH25
2014-10-27,,,,2954.78,39617714.0,2586.8,NSE/CNX_SHARIAH25
2014-10-28,,,,2957.76,30410646.0,2845.84,NSE/CNX_SHARIAH25
2014-10-29,,,,2982.76,29231391.0,2747.74,NSE/CNX_SHARIAH25
2014-10-30,,,,3021.58,43181980.0,4418.51,NSE/CNX_SHARIAH25
2014-10-31,,,,3066.86,36316221.0,3215.3,NSE/CNX_SHARIAH25
2014-11-03,,,,3047.75,30424147.0,2767.22,NSE/CNX_SHARIAH25
2014-11-05,,,,3053.39,31894766.0,2966.14,NSE/CNX_SHARIAH25
2014-11-07,,,,3059.83,37151039.0,5924.34,NSE/CNX_SHARIAH25
2014-11-10,,,,3067.76,19420372.0,1956.39,NSE/CNX_SHARIAH25
2014-11-11,,,,3071.58,18736435.0,1799.78,NSE/CNX_SHARIAH25
2014-11-12,,,,3072.79,21756847.0,2020.22,NSE/CNX_SHARIAH25
2014-11-13,,,,3075.28,21763102.0,2051.74,NSE/CNX_SHARIAH25
2014-11-14,,,,3079.68,30579168.0,2362.26,NSE/CNX_SHARIAH25
2014-11-17,,,,3091.23,20311777.0,2008.95,NSE/CNX_SHARIAH25
2014-11-18,,,,3087.93,20613365.0,1963.8,NSE/CNX_SHARIAH25
2014-11-19,,,,3085.5,20819909.0,2088.64,NSE/CNX_SHARIAH25
2014-11-20,,,,3103.28,19273991.0,1931.16,NSE/CNX_SHARIAH25
2014-11-21,,,,3110.6,21525080.0,2223.56,NSE/CNX_SHARIAH25
2014-11-24,,,,3120.26,19740922.0,2010.28,NSE/CNX_SHARIAH25
2014-11-25,,,,3119.51,35853145.0,2929.82,NSE/CNX_SHARIAH25
2014-11-26,,,,3121.68,23454861.0,2076.29,NSE/CNX_SHARIAH25
2014-11-27,,,,3145.57,36979198.0,2770.68,NSE/CNX_SHARIAH25
2014-11-28,,,,3161.41,28287781.0,2442.9,NSE/CNX_SHARIAH25
2014-12-01,,,,3188.0,28095671.0,2610.9,NSE/CNX_SHARIAH25
2014-12-02,,,,3166.05,20137257.0,1789.43,NSE/CNX_SHARIAH25
2014-12-03,,,,3180.37,25776445.0,2549.14,NSE/CNX_SHARIAH25
2014-12-04,,,,3176.41,18337001.0,1751.11,NSE/CNX_SHARIAH25
2014-12-05,,,,3148.77,17944476.0,1965.56,NSE/CNX_SHARIAH25
2014-12-08,,,,3117.59,19151952.0,2015.58,NSE/CNX_SHARIAH25
2014-12-09,,,,3091.41,19308613.0,2101.74,NSE/CNX_SHARIAH25
2014-12-10,,,,3082.17,21920895.0,2055.1,NSE/CNX_SHARIAH25
2014-12-11,,,,3064.28,24683946.0,2147.61,NSE/CNX_SHARIAH25
2014-12-12,,,,3037.76,23067379.0,2066.98,NSE/CNX_SHARIAH25
2014-12-15,,,,3009.2,20002461.0,1962.24,NSE/CNX_SHARIAH25
2014-12-16,,,,2975.74,27954618.0,2770.49,NSE/CNX_SHARIAH25
2014-12-17,,,,2947.67,29673346.0,2771.67,NSE/CNX_SHARIAH25
2014-12-18,,,,2996.19,24399541.0,2071.76,NSE/CNX_SHARIAH25
2014-12-19,,,,3013.56,24658936.0,2561.83,NSE/CNX_SHARIAH25
2014-12-22,,,,3042.8,17929735.0,1540.82,NSE/CNX_SHARIAH25
2014-12-23,,,,3036.22,19691020.0,1712.52,NSE/CNX_SHARIAH25
2014-12-24,,,,2996.77,38979339.0,3648.66,NSE/CNX_SHARIAH25
2014-12-26,,,,3002.26,10216148.0,890.08,NSE/CNX_SHARIAH25
2014-12-29,,,,3031.43,11080632.0,1036.32,NSE/CNX_SHARIAH25
2014-12-30,,,,3029.34,12264442.0,1108.91,NSE/CNX_SHARIAH25
2014-12-31,,,,3045.82,17339309.0,1591.37,NSE/CNX_SHARIAH25
2015-01-01,,,,3043.9,8903527.0,730.78,NSE/CNX_SHARIAH25
2015-01-02,,,,3064.64,15721634.0,1335.84,NSE/CNX_SHARIAH25
2015-01-05,,,,3055.49,15553584.0,1560.36,NSE/CNX_SHARIAH25
2015-01-06,,,,2982.14,28010205.0,2677.25,NSE/CNX_SHARIAH25
2015-01-07,,,,2981.93,25912402.0,2375.29,NSE/CNX_SHARIAH25
2015-01-08,,,,3023.91,28590829.0,3391.41,NSE/CNX_SHARIAH25
2015-01-09,,,,3067.08,27586667.0,2822.49,NSE/CNX_SHARIAH25
2015-01-12,,,,3081.08,,,NSE/CNX_SHARIAH25
2015-01-13,,,,3091.39,25708986.0,2564.61,NSE/CNX_SHARIAH25
2015-01-14,,,,3117.04,29159272.0,2667.07,NSE/CNX_SHARIAH25
2015-01-15,,,,3153.29,30952863.0,3451.16,NSE/CNX_SHARIAH25
2015-01-16,,,,3176.19,26866711.0,3030.04,NSE/CNX_SHARIAH25
2015-01-19,,,,3182.73,32362379.0,2829.89,NSE/CNX_SHARIAH25
2015-01-20,,,,3191.34,26709650.0,2537.73,NSE/CNX_SHARIAH25
2015-01-21,,,,3215.73,29734209.0,3004.38,NSE/CNX_SHARIAH25
2015-01-22,,,,3214.61,33154430.0,3279.26,NSE/CNX_SHARIAH25
2015-01-23,,,,3223.02,31290124.0,3193.48,NSE/CNX_SHARIAH25
2015-01-27,,,,3226.39,33419905.0,3631.17,NSE/CNX_SHARIAH25
2015-01-28,,,,3260.18,35899139.0,3513.74,NSE/CNX_SHARIAH25
2015-01-29,,,,3277.33,46116801.0,4778.93,NSE/CNX_SHARIAH25
2015-01-30,,,,3260.34,36328917.0,4295.37,NSE/CNX_SHARIAH25
2015-02-02,,,,3251.37,31598367.0,3683.36,NSE/CNX_SHARIAH25
2015-02-03,,,,3251.84,29481884.0,3191.35,NSE/CNX_SHARIAH25
2015-02-04,,,,3227.55,22539756.0,2391.39,NSE/CNX_SHARIAH25
2015-02-05,,,,3237.9,26839427.0,3022.64,NSE/CNX_SHARIAH25
2015-02-06,,,,3216.11,22477781.0,2145.55,NSE/CNX_SHARIAH25
2015-02-09,,,,3184.08,19297461.0,1983.03,NSE/CNX_SHARIAH25
2015-02-10,,,,3173.83,25127928.0,2819.09,NSE/CNX_SHARIAH25
2015-02-11,,,,3208.83,22764878.0,2297.79,NSE/CNX_SHARIAH25
2015-02-12,,,,3251.02,28861985.0,2897.66,NSE/CNX_SHARIAH25
2015-02-13,,,,3284.41,35918804.0,3218.5,NSE/CNX_SHARIAH25
2015-02-16,,,,3280.8,20842415.0,2292.22,NSE/CNX_SHARIAH25
2015-02-18,,,,3295.63,30876750.0,5240.71,NSE/CNX_SHARIAH25
2015-02-19,,,,3293.94,24469316.0,3402.62,NSE/CNX_SHARIAH25
2015-02-20,,,,3272.62,22288661.0,2110.11,NSE/CNX_SHARIAH25
2015-02-23,,,,3241.82,22921704.0,2566.27,NSE/CNX_SHARIAH25
2015-02-24,,,,3259.44,24012705.0,2316.28,NSE/CNX_SHARIAH25
2015-02-25,,,,3251.95,21854497.0,2380.39,NSE/CNX_SHARIAH25
2015-02-26,,,,3220.01,39110440.0,3968.19,NSE/CNX_SHARIAH25
2015-02-27,,,,3267.15,30445538.0,3638.95,NSE/CNX_SHARIAH25
2015-02-28,,,,3289.65,18797817.0,1524.79,NSE/CNX_SHARIAH25
2015-03-02,,,,3328.44,29518965.0,3065.04,NSE/CNX_SHARIAH25
2015-03-03,,,,3370.19,25451061.0,2908.55,NSE/CNX_SHARIAH25
2015-03-04,,,,3344.45,25274037.0,2846.32,NSE/CNX_SHARIAH25
2015-03-05,,,,3357.9,23775972.0,2654.79,NSE/CNX_SHARIAH25
2015-03-09,,,,3335.21,25338320.0,2955.58,NSE/CNX_SHARIAH25
2015-03-10,,,,3320.81,23736336.0,2835.76,NSE/CNX_SHARIAH25
2015-03-11,,,,3316.86,25430716.0,3013.25,NSE/CNX_SHARIAH25
2015-03-12,,,,3323.45,21287763.0,2660.75,NSE/CNX_SHARIAH25
2015-03-13,,,,3273.54,21901971.0,2560.84,NSE/CNX_SHARIAH25
2015-03-16,,,,3266.38,23200297.0,2564.75,NSE/CNX_SHARIAH25
2015-03-17,,,,3297.78,24409502.0,2832.45,NSE/CNX_SHARIAH25
2015-03-18,,,,3280.2,29029852.0,3899.3,NSE/CNX_SHARIAH25
2015-03-19,,,,3279.81,32914204.0,3259.73,NSE/CNX_SHARIAH25
2015-03-20,,,,3244.32,31601383.0,3091.94,NSE/CNX_SHARIAH25
2015-03-23,,,,3229.9,22838148.0,2069.42,NSE/CNX_SHARIAH25
2015-03-24,,,,3243.82,25810436.0,2739.44,NSE/CNX_SHARIAH25
2015-03-25,,,,3247.42,28213681.0,2904.53,NSE/CNX_SHARIAH25
2015-03-26,,,,3196.77,39630118.0,3929.4,NSE/CNX_SHARIAH25
2015-03-27,,,,3175.38,28868888.0,2618.22,NSE/CNX_SHARIAH25
2015-03-30,,,,3214.78,22918206.0,1984.78,NSE/CNX_SHARIAH25
2015-03-31,,,,3231.05,28224548.0,2479.97,NSE/CNX_SHARIAH25
2015-04-01,,,,3247.35,25551925.0,2274.94,NSE/CNX_SHARIAH25
2015-04-06,,,,3295.29,27695486.0,2297.46,NSE/CNX_SHARIAH25
2015-04-07,,,,3314.23,23309810.0,2197.18,NSE/CNX_SHARIAH25
2015-04-08,,,,3363.85,33836504.0,2975.19,NSE/CNX_SHARIAH25
2015-04-09,,,,3363.6,27636449.0,2699.75,NSE/CNX_SHARIAH25
2015-04-10,,,,3364.68,25659470.0,2499.94,NSE/CNX_SHARIAH25
2015-04-13,,,,3391.41,27152057.0,2302.46,NSE/CNX_SHARIAH25
2015-04-15,,,,3355.03,30100351.0,2967.09,NSE/CNX_SHARIAH25
2015-04-16,,,,3316.95,29193681.0,2973.99,NSE/CNX_SHARIAH25
2015-04-17,,,,3261.41,32433659.0,4060.31,NSE/CNX_SHARIAH25
2015-04-20,,,,3197.76,33845411.0,3378.78,NSE/CNX_SHARIAH25
2015-04-21,,,,3147.51,27149788.0,2581.06,NSE/CNX_SHARIAH25
2015-04-22,,,,3173.41,31212918.0,3086.24,NSE/CNX_SHARIAH25
2015-04-23,,,,3165.99,27136715.0,2867.33,NSE/CNX_SHARIAH25
2015-04-24,,,,3146.21,31118245.0,2936.88,NSE/CNX_SHARIAH25
2015-04-27,,,,3106.46,30527176.0,3460.15,NSE/CNX_SHARIAH25
2015-04-28,,,,3129.98,29478731.0,2849.81,NSE/CNX_SHARIAH25
2015-04-29,,,,3116.82,21881561.0,2110.48,NSE/CNX_SHARIAH25
2015-04-30,,,,3112.49,46625480.0,4027.64,NSE/CNX_SHARIAH25
2015-05-04,,,,3173.28,25557830.0,2526.37,NSE/CNX_SHARIAH25
2015-05-05,,,,3183.01,26102129.0,2566.92,NSE/CNX_SHARIAH25
2015-05-06,,,,3103.08,33985567.0,3252.24,NSE/CNX_SHARIAH25
2015-05-07,,,,3095.75,28126144.0,2758.92,NSE/CNX_SHARIAH25
2015-05-08,,,,3140.81,26296011.0,2715.84,NSE/CNX_SHARIAH25
2015-05-11,,,,3174.17,24463590.0,2427.09,NSE/CNX_SHARIAH25
2015-05-12,,,,3132.83,28674505.0,3056.74,NSE/CNX_SHARIAH25
2015-05-13,,,,3153.07,34236179.0,3240.63,NSE/CNX_SHARIAH25
2015-05-14,,,,3169.96,27587924.0,2597.43,NSE/CNX_SHARIAH25
2015-05-15,,,,3176.82,19606584.0,1852.87,NSE/CNX_SHARIAH25
2015-05-18,,,,3214.75,25896228.0,2773.56,NSE/CNX_SHARIAH25
2015-05-19,,,,3215.79,23735665.0,2597.19,NSE/CNX_SHARIAH25
2015-05-20,,,,3237.32,23535247.0,2452.66,NSE/CNX_SHARIAH25
2015-05-21,,,,3237.99,21873337.0,2165.31,NSE/CNX_SHARIAH25
2015-05-22,,,,3251.68,18716111.0,1809.82,NSE/CNX_SHARIAH25
2015-05-25,,,,3218.63,19160063.0,1645.49,NSE/CNX_SHARIAH25
2015-05-26,,,,3217.07,32503523.0,2532.77,NSE/CNX_SHARIAH25
2015-05-27,,,,3192.44,47764698.0,3309.14,NSE/CNX_SHARIAH25
2015-05-28,,,,3179.72,47376455.0,3862.45,NSE/CNX_SHARIAH25
2015-05-29,,,,3224.03,100116207.0,9320.03,NSE/CNX_SHARIAH25
2015-06-01,,,,3252.69,25381445.0,2225.67,NSE/CNX_SHARIAH25
2015-06-02,,,,3195.16,26005353.0,2602.16,NSE/CNX_SHARIAH25
2015-06-03,,,,3162.99,23546362.0,1993.74,NSE/CNX_SHARIAH25
2015-06-04,,,,3165.17,20969889.0,2135.64,NSE/CNX_SHARIAH25
2015-06-05,,,,3160.16,19475074.0,1835.43,NSE/CNX_SHARIAH25
2015-06-08,,,,3131.16,17388460.0,1583.86,NSE/CNX_SHARIAH25
2015-06-09,,,,3107.18,20758962.0,1888.39,NSE/CNX_SHARIAH25
2015-06-10,,,,3139.02,21264892.0,1818.63,NSE/CNX_SHARIAH25
2015-06-11,,,,3084.16,23062992.0,1990.17,NSE/CNX_SHARIAH25
2015-06-12,,,,3089.86,21150336.0,1856.97,NSE/CNX_SHARIAH25
2015-06-15,,,,3097.75,17260171.0,1589.62,NSE/CNX_SHARIAH25
2015-06-16,,,,3109.55,19415198.0,1718.1,NSE/CNX_SHARIAH25
2015-06-17,,,,3154.59,33162748.0,2889.91,NSE/CNX_SHARIAH25
2015-06-18,,,,3193.92,32282874.0,3052.8,NSE/CNX_SHARIAH25
2015-06-19,,,,3217.08,31236268.0,2985.63,NSE/CNX_SHARIAH25
2015-06-22,,,,3245.97,21239684.0,1862.6,NSE/CNX_SHARIAH25
2015-06-23,,,,3253.27,19934607.0,1771.2,NSE/CNX_SHARIAH25
2015-06-24,,,,3256.91,33545012.0,2573.64,NSE/CNX_SHARIAH25
2015-06-25,,,,3262.01,36683886.0,2978.54,NSE/CNX_SHARIAH25
2015-06-26,,,,3273.94,22430560.0,1978.37,NSE/CNX_SHARIAH25
2015-06-29,,,,3242.78,29968653.0,2309.9,NSE/CNX_SHARIAH25
2015-06-30,,,,3276.0,38511853.0,3116.47,NSE/CNX_SHARIAH25
2015-07-01,,,,3304.59,27421371.0,2352.61,NSE/CNX_SHARIAH25
2015-07-02,,,,3295.89,23265258.0,2010.1,NSE/CNX_SHARIAH25
2015-07-03,,,,3312.97,18806306.0,1620.49,NSE/CNX_SHARIAH25
2015-07-06,,,,3344.98,20097165.0,1863.77,NSE/CNX_SHARIAH25
2015-07-07,,,,3349.05,21963930.0,2085.92,NSE/CNX_SHARIAH25
2015-07-08,,,,3320.64,33366077.0,2568.39,NSE/CNX_SHARIAH25
2015-07-09,,,,3309.83,26853566.0,2238.23,NSE/CNX_SHARIAH25
2015-07-10,,,,3302.11,31889331.0,2940.88,NSE/CNX_SHARIAH25
2015-07-13,,,,3343.49,23100250.0,1927.74,NSE/CNX_SHARIAH25
2015-07-14,,,,3360.91,20579472.0,1764.42,NSE/CNX_SHARIAH25
2015-07-15,,,,3396.33,19284206.0,1934.14,NSE/CNX_SHARIAH25
2015-07-16,,,,3421.96,20875933.0,1844.72,NSE/CNX_SHARIAH25
2015-07-17,,,,3431.94,25537809.0,1905.86,NSE/CNX_SHARIAH25
2015-07-20,,,,3442.82,21071838.0,1841.37,NSE/CNX_SHARIAH25
2015-07-21,,,,3389.29,28155540.0,2412.15,NSE/CNX_SHARIAH25
2015-07-22,,,,3420.04,21652235.0,2146.63,NSE/CNX_SHARIAH25
2015-07-23,,,,3402.71,24893486.0,2890.2,NSE/CNX_SHARIAH25
2015-07-24,,,,3389.15,28405547.0,2485.65,NSE/CNX_SHARIAH25
2015-07-27,,,,3342.55,27140561.0,2806.2,NSE/CNX_SHARIAH25
2015-07-28,,,,3325.6,30089171.0,2990.74,NSE/CNX_SHARIAH25
2015-07-29,,,,3341.78,29490726.0,2860.0,NSE/CNX_SHARIAH25
2015-07-31,,,,3424.09,28715777.0,3039.69,NSE/CNX_SHARIAH25
2015-08-03,,,,3429.69,20718517.0,2130.46,NSE/CNX_SHARIAH25
2015-08-05,,,,3469.34,27154175.0,2440.93,NSE/CNX_SHARIAH25
2015-08-06,,,,3483.21,22771761.0,2368.0,NSE/CNX_SHARIAH25
2015-08-07,,,,3467.22,40883476.0,2354.85,NSE/CNX_SHARIAH25
2015-08-10,,,,3474.74,24742656.0,1959.89,NSE/CNX_SHARIAH25
2015-08-11,,,,3460.22,,,NSE/CNX_SHARIAH25
2015-08-12,,,,3429.57,23690608.0,2379.04,NSE/CNX_SHARIAH25
2015-08-13,,,,3427.36,22598432.0,2060.22,NSE/CNX_SHARIAH25
2015-08-14,,,,3484.35,24827526.0,2620.62,NSE/CNX_SHARIAH25
2015-08-17,,,,3462.82,22451445.0,1998.97,NSE/CNX_SHARIAH25
2015-08-18,,,,3472.96,22626534.0,2229.53,NSE/CNX_SHARIAH25
2015-08-19,,,,3501.49,21251129.0,2295.14,NSE/CNX_SHARIAH25
2015-08-20,,,,3466.38,29736603.0,3378.35,NSE/CNX_SHARIAH25
2015-08-21,,,,3449.36,26622828.0,2974.23,NSE/CNX_SHARIAH25
2015-08-24,,,,3234.15,46998071.0,4463.83,NSE/CNX_SHARIAH25
2015-08-25,,,,3268.98,52024055.0,4855.07,NSE/CNX_SHARIAH25
2015-08-26,,,,3255.4,34091817.0,3557.67,NSE/CNX_SHARIAH25
2015-08-27,,,,3291.31,51437112.0,4513.18,NSE/CNX_SHARIAH25
2015-08-28,,,,3300.92,28561491.0,2770.46,NSE/CNX_SHARIAH25
2015-08-31,,,,3302.72,45610731.0,4632.75,NSE/CNX_SHARIAH25
2015-09-01,,,,3243.51,30282573.0,2982.64,NSE/CNX_SHARIAH25
2015-09-02,,,,3238.51,33895617.0,3016.34,NSE/CNX_SHARIAH25
2015-09-03,,,,3264.38,25681789.0,2424.55,NSE/CNX_SHARIAH25
2015-09-04,,,,3200.2,30413508.0,2940.37,NSE/CNX_SHARIAH25
2015-09-07,,,,3155.3,20581092.0,1753.51,NSE/CNX_SHARIAH25
2015-09-08,,,,3175.61,26011706.0,2231.68,NSE/CNX_SHARIAH25
2015-09-09,,,,3226.97,22719808.0,2343.85,NSE/CNX_SHARIAH25
2015-09-10,,,,3217.11,23705708.0,2248.96,NSE/CNX_SHARIAH25
2015-09-11,,,,3218.63,18364553.0,1731.46,NSE/CNX_SHARIAH25
2015-09-14,,,,3246.29,14966942.0,1552.11,NSE/CNX_SHARIAH25
2015-09-15,,,,3247.27,16920631.0,1846.68,NSE/CNX_SHARIAH25
2015-09-16,,,,3253.01,20446812.0,2020.48,NSE/CNX_SHARIAH25
2015-09-18,,,,3274.16,39213945.0,3567.06,NSE/CNX_SHARIAH25
2015-09-21,,,,3266.93,18538917.0,1820.29,NSE/CNX_SHARIAH25
2015-09-22,,,,3217.92,29216724.0,2701.98,NSE/CNX_SHARIAH25
2015-09-23,,,,3216.27,25034888.0,2257.54,NSE/CNX_SHARIAH25
2015-09-24,,,,3241.4,41381722.0,3582.19,NSE/CNX_SHARIAH25
2015-09-28,,,,3248.8,22397239.0,2588.95,NSE/CNX_SHARIAH25
2015-09-29,,,,3248.59,25532661.0,3054.18,NSE/CNX_SHARIAH25
2015-09-30,,,,3301.8,31972070.0,3355.14,NSE/CNX_SHARIAH25
2015-10-01,,,,3321.49,27553015.0,3118.71,NSE/CNX_SHARIAH25
2015-10-05,,,,3349.64,26465229.0,3517.6,NSE/CNX_SHARIAH25
2015-10-06,,,,3359.34,27323296.0,2888.94,NSE/CNX_SHARIAH25
2015-10-07,,,,3358.25,21271991.0,2203.01,NSE/CNX_SHARIAH25
2015-10-08,,,,3337.55,19904115.0,2140.06,NSE/CNX_SHARIAH25
2015-10-09,,,,3333.86,18198260.0,1998.65,NSE/CNX_SHARIAH25
2015-10-12,,,,3318.26,16357112.0,1786.06,NSE/CNX_SHARIAH25
2015-10-14,,,,3303.63,19216904.0,2632.98,NSE/CNX_SHARIAH25
2015-10-15,,,,3320.35,23141203.0,2449.15,NSE/CNX_SHARIAH25
2015-10-16,,,,3334.92,20166035.0,2235.09,NSE/CNX_SHARIAH25
2015-10-19,,,,3373.72,27013766.0,2990.53,NSE/CNX_SHARIAH25
2015-10-20,,,,3370.5,25023063.0,2867.71,NSE/CNX_SHARIAH25
2015-10-21,,,,3350.07,25060848.0,2345.66,NSE/CNX_SHARIAH25
2015-10-23,,,,3352.41,23184753.0,2779.98,NSE/CNX_SHARIAH25
2015-10-26,,,,3342.93,24885741.0,2503.02,NSE/CNX_SHARIAH25
2015-10-27,,,,3338.12,22919580.0,2928.49,NSE/CNX_SHARIAH25
2015-10-28,,,,3335.82,25153655.0,2797.47,NSE/CNX_SHARIAH25
2015-10-29,,,,3324.05,34844141.0,3769.54,NSE/CNX_SHARIAH25
2015-10-30,,,,3321.27,23177372.0,2558.9,NSE/CNX_SHARIAH25
2015-11-02,,,,3332.23,16734717.0,1782.05,NSE/CNX_SHARIAH25
2015-11-03,,,,3339.8,19314270.0,1993.3,NSE/CNX_SHARIAH25
2015-11-04,,,,3320.07,25304277.0,2295.22,NSE/CNX_SHARIAH25
2015-11-05,,,,3282.06,19603148.0,1821.53,NSE/CNX_SHARIAH25
2015-11-06,,,,3247.09,27618237.0,3212.14,NSE/CNX_SHARIAH25
2015-11-09,,,,3243.55,28239456.0,2773.1,NSE/CNX_SHARIAH25
2015-11-10,,,,3192.4,22075464.0,2448.59,NSE/CNX_SHARIAH25
2015-11-11,,,,3210.99,2833776.0,392.96,NSE/CNX_SHARIAH25
2015-11-13,,,,3166.32,22767514.0,2833.54,NSE/CNX_SHARIAH25
2015-11-16,,,,3169.92,21837554.0,2338.6,NSE/CNX_SHARIAH25
2015-11-17,,,,3180.73,19378001.0,2017.83,NSE/CNX_SHARIAH25
2015-11-18,,,,3155.75,18651692.0,1927.65,NSE/CNX_SHARIAH25
2015-11-19,,,,3189.78,21465918.0,3236.52,NSE/CNX_SHARIAH25
2015-11-20,,,,3223.16,26907456.0,2462.18,NSE/CNX_SHARIAH25
2015-11-23,,,,3241.14,20158985.0,2082.22,NSE/CNX_SHARIAH25
2015-11-24,,,,3240.56,18587775.0,2142.47,NSE/CNX_SHARIAH25
2015-11-26,,,,3226.67,33972945.0,4281.58,NSE/CNX_SHARIAH25
2015-11-27,,,,3230.31,19241194.0,2443.95,NSE/CNX_SHARIAH25
2015-11-30,,,,3214.77,45040148.0,8146.05,NSE/CNX_SHARIAH25
2015-12-01,,,,3240.52,18985427.0,2550.29,NSE/CNX_SHARIAH25
2015-12-02,,,,3258.97,16817192.0,2165.18,NSE/CNX_SHARIAH25
2015-12-03,,,,3227.77,18821516.0,1880.77,NSE/CNX_SHARIAH25
2015-12-04,,,,3206.62,18954907.0,1813.09,NSE/CNX_SHARIAH25
2015-12-07,,,,3221.44,17151905.0,1852.51,NSE/CNX_SHARIAH25
2015-12-08,,,,3187.31,17536909.0,1792.63,NSE/CNX_SHARIAH25
2015-12-09,,,,3141.79,25982098.0,2621.99,NSE/CNX_SHARIAH25
2015-12-10,,,,3166.99,20487391.0,2157.39,NSE/CNX_SHARIAH25
2015-12-11,,,,3162.86,20529827.0,2106.76,NSE/CNX_SHARIAH25
2015-12-14,,,,3190.05,16800577.0,1802.42,NSE/CNX_SHARIAH25
2015-12-15,,,,3214.49,20650395.0,2101.24,NSE/CNX_SHARIAH25
2015-12-16,,,,3223.48,19325949.0,1806.89,NSE/CNX_SHARIAH25
2015-12-17,,,,3263.86,30899138.0,2586.89,NSE/CNX_SHARIAH25
2015-12-18,,,,3236.48,27870212.0,2706.23,NSE/CNX_SHARIAH25
2015-12-21,,,,3250.45,20053073.0,1791.58,NSE/CNX_SHARIAH25
2015-12-22,,,,3236.31,18543204.0,1452.13,NSE/CNX_SHARIAH25
2015-12-23,,,,3262.19,19506317.0,1341.08,NSE/CNX_SHARIAH25
2015-12-24,,,,3260.44,16055091.0,1149.79,NSE/CNX_SHARIAH25
2015-12-28,,,,3284.13,17963141.0,1986.61,NSE/CNX_SHARIAH25
2015-12-29,,,,3284.07,17578098.0,1699.06,NSE/CNX_SHARIAH25
2015-12-30,,,,3269.24,16152717.0,1419.89,NSE/CNX_SHARIAH25
2015-12-31,,,,3281.28,23427204.0,2138.07,NSE/CNX_SHARIAH25
2016-01-01,,,,3284.53,7772700.0,805.1,NSE/CNX_SHARIAH25
2016-01-04,,,,3241.68,21441007.0,2170.95,NSE/CNX_SHARIAH25
2016-01-05,,,,3243.34,19938321.0,2056.72,NSE/CNX_SHARIAH25
2016-01-06,,,,3238.12,26485463.0,2642.26,NSE/CNX_SHARIAH25
2016-01-07,,,,3161.85,27365381.0,2762.71,NSE/CNX_SHARIAH25
2016-01-08,,,,3163.54,22159836.0,2327.33,NSE/CNX_SHARIAH25
2016-01-11,,,,3148.25,25606229.0,2546.78,NSE/CNX_SHARIAH25
2016-01-12,,,,3138.2,24268061.0,2453.63,NSE/CNX_SHARIAH25
2016-01-13,,,,3140.27,35950494.0,3717.61,NSE/CNX_SHARIAH25
2016-01-14,,,,3139.75,26285970.0,2646.27,NSE/CNX_SHARIAH25
2016-01-15,,,,3108.83,26425904.0,2587.33,NSE/CNX_SHARIAH25
2016-01-18,,,,3065.09,30110143.0,2426.18,NSE/CNX_SHARIAH25
2016-01-19,,,,3080.11,21667750.0,1896.92,NSE/CNX_SHARIAH25
2016-01-20,,,,3035.5,34488339.0,3070.63,NSE/CNX_SHARIAH25
2016-01-21,,,,2987.94,32373469.0,3091.94,NSE/CNX_SHARIAH25
2016-01-22,,,,3051.53,27547013.0,2485.97,NSE/CNX_SHARIAH25
2016-01-25,,,,3048.53,20299135.0,1893.79,NSE/CNX_SHARIAH25
2016-01-27,,,,3040.4,28579270.0,2547.4,NSE/CNX_SHARIAH25
2016-01-28,,,,3055.87,40385820.0,3516.61,NSE/CNX_SHARIAH25
2016-01-29,,,,3116.15,30316866.0,3403.15,NSE/CNX_SHARIAH25
2016-02-01,,,,3111.75,28479398.0,2706.39,NSE/CNX_SHARIAH25
2016-02-02,,,,3065.62,27812770.0,2458.32,NSE/CNX_SHARIAH25
2016-02-03,,,,3044.94,23009714.0,2042.78,NSE/CNX_SHARIAH25
2016-02-04,,,,3048.2,25989562.0,2265.47,NSE/CNX_SHARIAH25
2016-02-05,,,,3092.9,30558335.0,3068.78,NSE/CNX_SHARIAH25
2016-02-08,,,,3070.23,20536182.0,1812.16,NSE/CNX_SHARIAH25
2016-02-09,,,,3032.07,25584806.0,2619.4,NSE/CNX_SHARIAH25
2016-02-10,,,,3006.23,25513616.0,2445.37,NSE/CNX_SHARIAH25
2016-02-11,,,,2929.87,31055253.0,2664.0,NSE/CNX_SHARIAH25
2016-02-12,,,,2911.19,49046259.0,3122.62,NSE/CNX_SHARIAH25
2016-02-15,,,,2967.18,38037857.0,2585.46,NSE/CNX_SHARIAH25
2016-02-16,,,,2926.22,25263022.0,1933.93,NSE/CNX_SHARIAH25
2016-02-17,,,,2955.02,28072849.0,2116.84,NSE/CNX_SHARIAH25
2016-02-18,,,,2980.91,30888457.0,2496.64,NSE/CNX_SHARIAH25
2016-02-19,,,,2992.94,30143471.0,1793.42,NSE/CNX_SHARIAH25
2016-02-22,,,,3022.74,26065661.0,2075.55,NSE/CNX_SHARIAH25
2016-02-23,,,,2975.42,27281836.0,1906.31,NSE/CNX_SHARIAH25
2016-02-24,,,,2943.93,30436567.0,1997.23,NSE/CNX_SHARIAH25
2016-02-25,,,,2926.47,39467897.0,2591.04,NSE/CNX_SHARIAH25
2016-02-26,,,,2924.37,23157777.0,1864.76,NSE/CNX_SHARIAH25
2016-02-29,,,,2900.31,39936696.0,3323.5,NSE/CNX_SHARIAH25
2016-03-01,,,,2977.69,35336871.0,2808.47,NSE/CNX_SHARIAH25
2016-03-02,,,,3039.32,45656061.0,3037.75,NSE/CNX_SHARIAH25
2016-03-03,,,,3073.45,41771809.0,2800.1,NSE/CNX_SHARIAH25
2016-03-04,,,,3070.94,31960594.0,2088.18,NSE/CNX_SHARIAH25
2016-03-08,,,,3066.68,28231301.0,2354.49,NSE/CNX_SHARIAH25
2016-03-09,,,,3090.16,31847661.0,2481.5,NSE/CNX_SHARIAH25
2016-03-10,,,,3079.66,30445715.0,2428.7,NSE/CNX_SHARIAH25
2016-03-11,,,,3096.34,28530284.0,2317.44,NSE/CNX_SHARIAH25
2016-03-14,,,,3113.23,31512831.0,2243.08,NSE/CNX_SHARIAH25
2016-03-15,,,,3060.38,26856072.0,2458.82,NSE/CNX_SHARIAH25
2016-03-17,,,,3072.15,42387508.0,3076.48,NSE/CNX_SHARIAH25
2016-03-18,,,,3092.0,45142276.0,4094.59,NSE/CNX_SHARIAH25
2016-03-21,,,,3122.08,34841845.0,3156.08,NSE/CNX_SHARIAH25
2016-03-22,,,,3119.97,43835752.0,3392.15,NSE/CNX_SHARIAH25
2016-03-23,,,,3113.7,29286166.0,2487.88,NSE/CNX_SHARIAH25
2016-03-28,,,,3081.73,36160748.0,3247.94,NSE/CNX_SHARIAH25
2016-03-29,,,,3066.69,51215084.0,4984.59,NSE/CNX_SHARIAH25
2016-03-30,,,,3111.07,42977499.0,3762.41,NSE/CNX_SHARIAH25
2016-03-31,,,,3119.2,53177824.0,4849.74,NSE/CNX_SHARIAH25
2016-04-01,,,,3092.82,42468892.0,2670.42,NSE/CNX_SHARIAH25
2016-04-04,,,,3111.3,22828891.0,1758.71,NSE/CNX_SHARIAH25
2016-04-05,,,,3062.07,27984040.0,2331.38,NSE/CNX_SHARIAH25
2016-04-07,,,,3067.63,58692381.0,2780.68,NSE/CNX_SHARIAH25
2016-04-08,,,,3068.89,41811211.0,2649.63,NSE/CNX_SHARIAH25
2016-04-11,,,,3104.77,35040940.0,2198.84,NSE/CNX_SHARIAH25
2016-04-12,,,,3137.33,29095223.0,2353.58,NSE/CNX_SHARIAH25
2016-04-13,,,,3188.75,42550031.0,3211.79,NSE/CNX_SHARIAH25
2016-04-18,,,,3205.64,35892500.0,3607.22,NSE/CNX_SHARIAH25
2016-04-20,,,,3185.74,34309469.0,3661.59,NSE/CNX_SHARIAH25
2016-04-21,,,,3176.09,31718683.0,2740.45,NSE/CNX_SHARIAH25
2016-04-22,,,,3169.02,25801086.0,2232.84,NSE/CNX_SHARIAH25
2016-04-25,,,,3150.9,34221361.0,3217.43,NSE/CNX_SHARIAH25
2016-04-26,,,,3178.33,33424703.0,3408.9,NSE/CNX_SHARIAH25
2016-04-27,,,,3194.93,30211497.0,2546.69,NSE/CNX_SHARIAH25
2016-04-28,,,,3156.85,62019892.0,5316.02,NSE/CNX_SHARIAH25
2016-04-29,,,,3157.7,34153223.0,2879.35,NSE/CNX_SHARIAH25
2016-05-02,,,,3164.11,23936182.0,1885.28,NSE/CNX_SHARIAH25
2016-05-03,,,,3138.58,30959004.0,2693.57,NSE/CNX_SHARIAH25
2016-05-04,,,,3122.15,21687112.0,1613.54,NSE/CNX_SHARIAH25
2016-05-05,,,,3121.13,23759255.0,1933.3,NSE/CNX_SHARIAH25
2016-05-06,,,,3125.23,24983123.0,1766.62,NSE/CNX_SHARIAH25
2016-05-09,,,,3154.7,26184283.0,2355.24,NSE/CNX_SHARIAH25
2016-05-10,,,,3177.19,25393548.0,2153.66,NSE/CNX_SHARIAH25
2016-05-11,,,,3166.13,26653247.0,2216.13,NSE/CNX_SHARIAH25
2016-05-12,,,,3193.63,23431083.0,2438.03,NSE/CNX_SHARIAH25
2016-05-13,,,,3156.37,25954664.0,2226.05,NSE/CNX_SHARIAH25
2016-05-16,,,,3167.96,24346744.0,2073.7,NSE/CNX_SHARIAH25
2016-05-17,,,,3179.23,22691477.0,2133.66,NSE/CNX_SHARIAH25
2016-05-18,,,,3168.52,22697378.0,2286.49,NSE/CNX_SHARIAH25
2016-05-19,,,,3146.45,27502899.0,2317.55,NSE/CNX_SHARIAH25
2016-05-20,,,,3109.21,27497664.0,2471.82,NSE/CNX_SHARIAH25
2016-05-23,,,,3092.8,23783640.0,2249.51,NSE/CNX_SHARIAH25
2016-05-24,,,,3100.49,26209700.0,2130.23,NSE/CNX_SHARIAH25
2016-05-25,,,,3162.37,47869553.0,3185.29,NSE/CNX_SHARIAH25
2016-05-26,,,,3186.67,46305577.0,3551.3,NSE/CNX_SHARIAH25
2016-05-27,,,,3216.83,37407513.0,2940.89,NSE/CNX_SHARIAH25
2016-05-30,,,,3225.24,32481949.0,2240.43,NSE/CNX_SHARIAH25
2016-05-31,,,,3204.77,77151859.0,5286.73,NSE/CNX_SHARIAH25
2016-06-01,,,,3229.15,27606193.0,2491.24,NSE/CNX_SHARIAH25
2016-06-02,,,,3251.79,29557855.0,2474.46,NSE/CNX_SHARIAH25
2016-06-03,,,,3248.86,29708562.0,2524.78,NSE/CNX_SHARIAH25
2016-06-06,,,,3222.33,29658804.0,2296.47,NSE/CNX_SHARIAH25
2016-06-07,,,,3240.85,32771952.0,2716.76,NSE/CNX_SHARIAH25
2016-06-08,,,,3243.63,22992479.0,1847.18,NSE/CNX_SHARIAH25
2016-06-09,,,,3221.13,23249081.0,2160.16,NSE/CNX_SHARIAH25
2016-06-10,,,,3215.77,32822029.0,2208.38,NSE/CNX_SHARIAH25
2016-06-13,,,,3207.76,21675216.0,1772.56,NSE/CNX_SHARIAH25
2016-06-14,,,,3198.12,22442781.0,1629.12,NSE/CNX_SHARIAH25
2016-06-15,,,,3233.69,22544555.0,1793.38,NSE/CNX_SHARIAH25
2016-06-16,,,,3213.42,,,NSE/CNX_SHARIAH25
2016-06-17,,,,3227.1,,,NSE/CNX_SHARIAH25
2016-06-20,,,,3255.59,,,NSE/CNX_SHARIAH25
2016-06-21,,,,3240.53,,,NSE/CNX_SHARIAH25
2016-06-22,,,,3242.78,,,NSE/CNX_SHARIAH25
2016-06-23,,,,3247.72,,,NSE/CNX_SHARIAH25
2016-06-24,,,,3198.63,,,NSE/CNX_SHARIAH25
2016-06-27,,,,3203.37,,,NSE/CNX_SHARIAH25
2016-06-28,,,,3228.72,,,NSE/CNX_SHARIAH25
2016-06-30,,,,3296.45,,,NSE/CNX_SHARIAH25
2016-07-04,,,,3321.7,,,NSE/CNX_SHARIAH25
2016-07-05,,,,3308.9,,,NSE/CNX_SHARIAH25
2016-07-07,,,,3316.01,,,NSE/CNX_SHARIAH25
2016-07-08,,,,3316.65,,,NSE/CNX_SHARIAH25
2016-07-11,,,,3365.39,,,NSE/CNX_SHARIAH25
2016-07-12,,,,3370.42,,,NSE/CNX_SHARIAH25
2016-07-13,,,,3371.7,,,NSE/CNX_SHARIAH25
2016-07-14,,,,3391.88,,,NSE/CNX_SHARIAH25
2016-07-15,,,,3394.84,,,NSE/CNX_SHARIAH25
2016-07-18,,,,3366.34,,,NSE/CNX_SHARIAH25
2016-07-19,,,,3373.21,,,NSE/CNX_SHARIAH25
2016-07-20,,,,3406.16,,,NSE/CNX_SHARIAH25
2016-07-21,,,,3403.06,,,NSE/CNX_SHARIAH25
2016-07-22,,,,3412.39,,,NSE/CNX_SHARIAH25
2016-07-25,,,,3440.78,,,NSE/CNX_SHARIAH25
2016-07-26,,,,3403.51,,,NSE/CNX_SHARIAH25
2016-07-28,,,,3426.18,,,NSE/CNX_SHARIAH25
2016-07-29,,,,3421.12,,,NSE/CNX_SHARIAH25
2016-08-01,,,,3438.33,,,NSE/CNX_SHARIAH25
2016-08-02,,,,3439.55,,,NSE/CNX_SHARIAH25
2016-08-03,,,,3404.06,,,NSE/CNX_SHARIAH25
2016-08-04,,,,3410.68,,,NSE/CNX_SHARIAH25
2016-08-05,,,,3460.68,,,NSE/CNX_SHARIAH25
2016-08-08,,,,3483.74,,,NSE/CNX_SHARIAH25
2016-08-09,,,,3461.47,,,NSE/CNX_SHARIAH25
2016-08-10,,,,3406.45,,,NSE/CNX_SHARIAH25
2016-08-11,,,,3432.95,,,NSE/CNX_SHARIAH25
2016-08-12,,,,3449.6,,,NSE/CNX_SHARIAH25
2016-08-16,,,,3439.42,39460683.0,3236.1,NSE/CNX_SHARIAH25
2016-08-17,,,,3427.61,,,NSE/CNX_SHARIAH25
2016-08-18,,,,3443.54,,,NSE/CNX_SHARIAH25
2016-08-19,,,,3441.79,,,NSE/CNX_SHARIAH25
2016-08-22,,,,3420.64,,,NSE/CNX_SHARIAH25
2016-08-23,,,,3418.52,,,NSE/CNX_SHARIAH25
2016-08-24,,,,3431.73,,,NSE/CNX_SHARIAH25
2016-08-25,,,,3412.58,,,NSE/CNX_SHARIAH25
2016-08-26,,,,3412.34,,,NSE/CNX_SHARIAH25
2016-08-29,,,,3416.24,,,NSE/CNX_SHARIAH25
2016-08-30,,,,3468.99,,,NSE/CNX_SHARIAH25
2016-08-31,,,,3466.17,,,NSE/CNX_SHARIAH25
2016-09-01,,,,3452.88,,,NSE/CNX_SHARIAH25
2016-09-02,,,,3466.98,,,NSE/CNX_SHARIAH25
2016-09-06,,,,3509.64,,,NSE/CNX_SHARIAH25
2016-09-07,,,,3509.23,,,NSE/CNX_SHARIAH25
2016-09-08,,,,3531.68,,,NSE/CNX_SHARIAH25
2016-09-09,,,,3500.58,,,NSE/CNX_SHARIAH25
2016-09-12,,,,3454.09,,,NSE/CNX_SHARIAH25
2016-09-14,,,,3470.47,,,NSE/CNX_SHARIAH25
2016-09-15,,,,3487.44,,,NSE/CNX_SHARIAH25
2016-09-16,,,,3506.9,,,NSE/CNX_SHARIAH25
2016-09-19,,,,3519.14,,,NSE/CNX_SHARIAH25
2016-09-20,,,,3499.32,,,NSE/CNX_SHARIAH25
2016-09-21,,,,3498.14,,,NSE/CNX_SHARIAH25
2016-09-22,,,,3518.01,,,NSE/CNX_SHARIAH25
2016-09-23,,,,3521.66,,,NSE/CNX_SHARIAH25
2016-09-26,,,,3497.54,,,NSE/CNX_SHARIAH25
2016-09-27,,,,3502.56,,,NSE/CNX_SHARIAH25
2016-09-28,,,,3501.91,29823115.0,2868.87,NSE/CNX_SHARIAH25
2016-09-29,,,,3436.41,,,NSE/CNX_SHARIAH25
2016-09-30,,,,3445.76,,,NSE/CNX_SHARIAH25
2016-10-03,,,,3498.7,,,NSE/CNX_SHARIAH25
2016-10-04,,,,3509.4,,,NSE/CNX_SHARIAH25
2016-10-05,,,,3508.02,,,NSE/CNX_SHARIAH25
2016-10-06,,,,3512.73,,,NSE/CNX_SHARIAH25
2016-10-07,,,,3499.5,,,NSE/CNX_SHARIAH25
2016-10-10,,,,3514.81,,,NSE/CNX_SHARIAH25
2016-10-13,,,,3468.7,,,NSE/CNX_SHARIAH25
2016-10-14,,,,3474.61,,,NSE/CNX_SHARIAH25
2016-10-17,,,,3439.25,,,NSE/CNX_SHARIAH25
2016-10-18,,,,3481.03,,,NSE/CNX_SHARIAH25
2016-10-19,,,,3487.44,,,NSE/CNX_SHARIAH25
2016-10-20,,,,3490.18,,,NSE/CNX_SHARIAH25
2016-10-21,,,,3488.91,,,NSE/CNX_SHARIAH25
2016-10-24,,,,3483.75,,,NSE/CNX_SHARIAH25
2016-10-25,,,,3485.35,,,NSE/CNX_SHARIAH25
2016-10-26,,,,3472.66,,,NSE/CNX_SHARIAH25
2016-10-27,,,,3454.62,,,NSE/CNX_SHARIAH25
2016-10-28,,,,3471.67,,,NSE/CNX_SHARIAH25
2016-11-01,,,,3468.12,,,NSE/CNX_SHARIAH25
2016-11-02,,,,3414.9,,,NSE/CNX_SHARIAH25
2016-11-03,,,,3401.31,,,NSE/CNX_SHARIAH25
2016-11-04,,,,3364.58,,,NSE/CNX_SHARIAH25
